test_csv,idx,chosen_budget,best_budget,correct,tokens,utility,p_correct_512,p_correct_1024,p_correct_2048
/workspace/nips-adathink/results/per_sample_math500_Qwen3_8B_20260320_051511.csv,0,512,512,0,576.0,-0.042187499999999996,0.0012294090883263194,0.0325021374285067,0.184142747066618
/workspace/nips-adathink/results/per_sample_math500_Qwen3_8B_20260320_051511.csv,1,2048,512,0,2014.0,-0.14750976562499998,0.0008150485375941565,0.07662978215199805,0.5886463654789409
/workspace/nips-adathink/results/per_sample_math500_Qwen3_8B_20260320_051511.csv,2,2048,2048,1,1977.0,0.8552001953125,0.0008788169073478366,0.056668056294134767,0.5675244088561548
/workspace/nips-adathink/results/per_sample_math500_Qwen3_8B_20260320_051511.csv,3,2048,2048,1,2048.0,0.85,0.0007522028207953927,0.05122754453022503,0.6816918601803009
/workspace/nips-adathink/results/per_sample_math500_Qwen3_8B_20260320_051511.csv,4,512,512,0,576.0,-0.042187499999999996,0.0007251063157153847,0.03520353119799309,0.3678067561076138
/workspace/nips-adathink/results/per_sample_math500_Qwen3_8B_20260320_051511.csv,5,512,2048,0,576.0,-0.042187499999999996,0.0010555649468103742,0.0551314291800837,0.3581995948571055
/workspace/nips-adathink/results/per_sample_math500_Qwen3_8B_20260320_051511.csv,6,512,512,0,576.0,-0.042187499999999996,0.0012587119265823397,0.027707786334863663,0.29956055701639156
/workspace/nips-adathink/results/per_sample_math500_Qwen3_8B_20260320_051511.csv,7,2048,1024,1,2048.0,0.85,0.000847823620990135,0.054765281898023405,0.6197731355586622
/workspace/nips-adathink/results/per_sample_math500_Qwen3_8B_20260320_051511.csv,8,512,1024,0,576.0,-0.042187499999999996,0.0008686888490380019,0.044759318683998864,0.35205759890207694
/workspace/nips-adathink/results/per_sample_math500_Qwen3_8B_20260320_051511.csv,9,2048,1024,1,2048.0,0.85,0.0007770228563022114,0.09886246126875603,0.6660887915529831
/workspace/nips-adathink/results/per_sample_math500_Qwen3_8B_20260320_051511.csv,10,512,512,0,576.0,-0.042187499999999996,0.0011124392829001118,0.031031066469626025,0.19238918759811055
/workspace/nips-adathink/results/per_sample_math500_Qwen3_8B_20260320_051511.csv,11,2048,2048,1,2112.0,0.8453125,0.0009007140560666398,0.08968912523963245,0.5990455144461653
/workspace/nips-adathink/results/per_sample_math500_Qwen3_8B_20260320_051511.csv,12,2048,1024,1,2048.0,0.85,0.0008744348386810099,0.06969627102013855,0.6000714828269281
/workspace/nips-adathink/results/per_sample_math500_Qwen3_8B_20260320_051511.csv,13,2048,2048,1,2048.0,0.85,0.0008113727889584836,0.031122845575463503,0.7083970949506065
/workspace/nips-adathink/results/per_sample_math500_Qwen3_8B_20260320_051511.csv,14,512,512,0,576.0,-0.042187499999999996,0.0009144383208164974,0.06558525043377325,0.3299877118321235
/workspace/nips-adathink/results/per_sample_math500_Qwen3_8B_20260320_051511.csv,15,512,512,0,576.0,-0.042187499999999996,0.0010651027897979285,0.0219533267853206,0.05537719097709942
/workspace/nips-adathink/results/per_sample_math500_Qwen3_8B_20260320_051511.csv,16,512,512,0,576.0,-0.042187499999999996,0.0017864594142753517,0.03932661356554281,0.04473422307572388
/workspace/nips-adathink/results/per_sample_math500_Qwen3_8B_20260320_051511.csv,17,512,512,0,576.0,-0.042187499999999996,0.0011472584411257596,0.0587304700526269,0.2942474783699108
/workspace/nips-adathink/results/per_sample_math500_Qwen3_8B_20260320_051511.csv,18,512,512,0,576.0,-0.042187499999999996,0.0011198350678762322,0.034629323677239886,0.08463688841943273
/workspace/nips-adathink/results/per_sample_math500_Qwen3_8B_20260320_051511.csv,19,512,2048,0,576.0,-0.042187499999999996,0.0009577610513387827,0.03751328068198913,0.3971853096294166
/workspace/nips-adathink/results/per_sample_math500_Qwen3_8B_20260320_051511.csv,20,512,1024,0,576.0,-0.042187499999999996,0.000717837880549858,0.02914994537636071,0.21078152177385054
/workspace/nips-adathink/results/per_sample_math500_Qwen3_8B_20260320_051511.csv,21,512,512,1,576.0,0.9578125,0.0019373050928196299,0.02670861787995246,0.04394371127536241
/workspace/nips-adathink/results/per_sample_math500_Qwen3_8B_20260320_051511.csv,22,512,512,0,576.0,-0.042187499999999996,0.0009351154693277281,0.032109802944806046,0.2265127024452448
/workspace/nips-adathink/results/per_sample_math500_Qwen3_8B_20260320_051511.csv,23,512,512,0,576.0,-0.042187499999999996,0.0009036732166123351,0.08159540831600127,0.4356275315686954
/workspace/nips-adathink/results/per_sample_math500_Qwen3_8B_20260320_051511.csv,24,512,512,1,576.0,0.9578125,0.0008379456751680728,0.0346585372827486,0.3805911585561927
/workspace/nips-adathink/results/per_sample_math500_Qwen3_8B_20260320_051511.csv,25,2048,1024,1,1069.0,0.9217041015625,0.001059814134051236,0.1457301861610454,0.8804930186223687
/workspace/nips-adathink/results/per_sample_math500_Qwen3_8B_20260320_051511.csv,26,512,2048,0,576.0,-0.042187499999999996,0.000917620135309123,0.051897898255453795,0.27386460753255654
/workspace/nips-adathink/results/per_sample_math500_Qwen3_8B_20260320_051511.csv,27,2048,1024,1,1731.0,0.8732177734375,0.0010816775953752338,0.12202297037803535,0.6838782247819813
/workspace/nips-adathink/results/per_sample_math500_Qwen3_8B_20260320_051511.csv,28,512,512,0,576.0,-0.042187499999999996,0.0010562944974148883,0.07871988487439485,0.35050029380083725
/workspace/nips-adathink/results/per_sample_math500_Qwen3_8B_20260320_051511.csv,29,2048,512,0,2112.0,-0.1546875,0.0013262225772133272,0.4171020814195227,0.781301504424176
/workspace/nips-adathink/results/per_sample_math500_Qwen3_8B_20260320_051511.csv,30,512,512,0,576.0,-0.042187499999999996,0.0009065671285033627,0.058495131363406914,0.42747125612375286
/workspace/nips-adathink/results/per_sample_math500_Qwen3_8B_20260320_051511.csv,31,512,2048,0,576.0,-0.042187499999999996,0.0013037901775145592,0.1367778805515151,0.3290551640776579
/workspace/nips-adathink/results/per_sample_math500_Qwen3_8B_20260320_051511.csv,32,2048,2048,1,2048.0,0.85,0.0009205605422512034,0.07339726589365238,0.6547063134151038
/workspace/nips-adathink/results/per_sample_math500_Qwen3_8B_20260320_051511.csv,33,512,512,0,576.0,-0.042187499999999996,0.0014257714586242397,0.025927587130630078,0.10405525276734066
/workspace/nips-adathink/results/per_sample_math500_Qwen3_8B_20260320_051511.csv,34,2048,2048,1,2048.0,0.85,0.001297240733541867,0.06394073303995246,0.5926653999774297
/workspace/nips-adathink/results/per_sample_math500_Qwen3_8B_20260320_051511.csv,35,512,1024,0,576.0,-0.042187499999999996,0.0016064478451045575,0.046795461507996274,0.4097443625053723
/workspace/nips-adathink/results/per_sample_math500_Qwen3_8B_20260320_051511.csv,36,2048,2048,1,2048.0,0.85,0.0011909250443165752,0.14949291574962942,0.8102237300561939
/workspace/nips-adathink/results/per_sample_math500_Qwen3_8B_20260320_051511.csv,37,512,2048,0,576.0,-0.042187499999999996,0.0007231515867337637,0.0470436097216184,0.47862380229239504
/workspace/nips-adathink/results/per_sample_math500_Qwen3_8B_20260320_051511.csv,38,2048,1024,1,1417.0,0.8962158203125,0.0010144704139188297,0.08606070847492743,0.771596082188294
/workspace/nips-adathink/results/per_sample_math500_Qwen3_8B_20260320_051511.csv,39,512,512,0,576.0,-0.042187499999999996,0.0010159445253645485,0.029085508937318785,0.30519851441690793
/workspace/nips-adathink/results/per_sample_math500_Qwen3_8B_20260320_053533.csv,0,512,512,0,512.0,-0.0375,0.005477325314877001,0.015937119794100375,0.04620542103290256
/workspace/nips-adathink/results/per_sample_math500_Qwen3_8B_20260320_053533.csv,1,512,2048,0,512.0,-0.0375,0.007904363986383863,0.057936737197968914,0.25248953977866667
/workspace/nips-adathink/results/per_sample_math500_Qwen3_8B_20260320_053533.csv,2,512,2048,0,512.0,-0.0375,0.005255902909573589,0.06530285950135035,0.499531817252429
/workspace/nips-adathink/results/per_sample_math500_Qwen3_8B_20260320_053533.csv,3,512,512,0,512.0,-0.0375,0.0061368583769652145,0.058568654326877675,0.21184884563136053
/workspace/nips-adathink/results/per_sample_math500_Qwen3_8B_20260320_053533.csv,4,2048,512,0,2048.0,-0.15,0.004678958194772449,0.10495961128759927,0.7499605910823305
/workspace/nips-adathink/results/per_sample_math500_Qwen3_8B_20260320_053533.csv,5,2048,2048,1,2048.0,0.85,0.005266758144022466,0.056577684796206965,0.6023408897632923
/workspace/nips-adathink/results/per_sample_math500_Qwen3_8B_20260320_053533.csv,6,2048,1024,1,1813.0,0.8672119140625,0.003850052827708205,0.0867429093078835,0.7756308554706433
/workspace/nips-adathink/results/per_sample_math500_Qwen3_8B_20260320_053533.csv,7,512,2048,0,512.0,-0.0375,0.004865686508557766,0.042653999716908336,0.3809117190042854
/workspace/nips-adathink/results/per_sample_math500_Qwen3_8B_20260320_053533.csv,8,2048,2048,1,2048.0,0.85,0.003669457961613448,0.04504108715970327,0.6260601140859724
/workspace/nips-adathink/results/per_sample_math500_Qwen3_8B_20260320_053533.csv,9,512,512,0,512.0,-0.0375,0.00634876733792958,0.06249535030295015,0.21229295536842913
/workspace/nips-adathink/results/per_sample_math500_Qwen3_8B_20260320_053533.csv,10,512,512,0,512.0,-0.0375,0.005863634574159117,0.1344988409745851,0.24318700900634962
/workspace/nips-adathink/results/per_sample_math500_Qwen3_8B_20260320_053533.csv,11,512,2048,0,512.0,-0.0375,0.003988119277341755,0.0672492260035384,0.4548054721564244
/workspace/nips-adathink/results/per_sample_math500_Qwen3_8B_20260320_053533.csv,12,512,512,0,512.0,-0.0375,0.004414254078096322,0.07035998813324246,0.24795212044057635
/workspace/nips-adathink/results/per_sample_math500_Qwen3_8B_20260320_053533.csv,13,2048,2048,1,2048.0,0.85,0.005163820584970958,0.064728813003492,0.5051196789890472
/workspace/nips-adathink/results/per_sample_math500_Qwen3_8B_20260320_053533.csv,14,2048,2048,1,2048.0,0.85,0.006509287313445121,0.08634497082553683,0.6721667795044534
/workspace/nips-adathink/results/per_sample_math500_Qwen3_8B_20260320_053533.csv,15,2048,1024,1,2048.0,0.85,0.006298475955361765,0.31760819169118304,0.6821774573386324
/workspace/nips-adathink/results/per_sample_math500_Qwen3_8B_20260320_053533.csv,16,512,512,0,512.0,-0.0375,0.0042334454833735866,0.04152570075418361,0.2604420335644014
/workspace/nips-adathink/results/per_sample_math500_Qwen3_8B_20260320_053533.csv,17,512,512,0,512.0,-0.0375,0.005450159359414492,0.03522049961113042,0.15253091158564147
/workspace/nips-adathink/results/per_sample_math500_Qwen3_8B_20260320_053533.csv,18,2048,512,0,2048.0,-0.15,0.00498845308671532,0.116918540476962,0.586122460631305
/workspace/nips-adathink/results/per_sample_math500_Qwen3_8B_20260320_053533.csv,19,2048,2048,1,2048.0,0.85,0.007751515369537138,0.1641027972167061,0.7056198755028031
/workspace/nips-adathink/results/per_sample_math500_Qwen3_8B_20260320_053533.csv,20,512,2048,0,512.0,-0.0375,0.013059549953923695,0.03143018322969189,0.1218435654722661
/workspace/nips-adathink/results/per_sample_math500_Qwen3_8B_20260320_053533.csv,21,2048,2048,1,1419.0,0.8960693359375,0.004211768493532966,0.07493372056160148,0.7675037452668794
/workspace/nips-adathink/results/per_sample_math500_Qwen3_8B_20260320_053533.csv,22,2048,2048,1,1974.0,0.855419921875,0.0066905219600003835,0.10869793301688974,0.5322157687196324
/workspace/nips-adathink/results/per_sample_math500_Qwen3_8B_20260320_053533.csv,23,512,512,0,512.0,-0.0375,0.004853518969231627,0.03306263533274173,0.20690113701194174
/workspace/nips-adathink/results/per_sample_math500_Qwen3_8B_20260320_053533.csv,24,2048,2048,1,2048.0,0.85,0.006312801143681758,0.17497425819208473,0.8408537909704457
/workspace/nips-adathink/results/per_sample_math500_Qwen3_8B_20260320_053533.csv,25,512,512,0,512.0,-0.0375,0.010684977550523254,0.05942198248060728,0.32039267782996556
/workspace/nips-adathink/results/per_sample_math500_Qwen3_8B_20260320_053533.csv,26,2048,512,0,1773.0,-0.1298583984375,0.006912267653365857,0.1418569311288294,0.5974778223228919
/workspace/nips-adathink/results/per_sample_math500_Qwen3_8B_20260320_053533.csv,27,512,2048,0,512.0,-0.0375,0.00449675203364852,0.14407600158457595,0.4563594644993678
/workspace/nips-adathink/results/per_sample_math500_Qwen3_8B_20260320_053533.csv,28,512,512,0,512.0,-0.0375,0.004319853766833715,0.09707989719015685,0.4499328811339582
/workspace/nips-adathink/results/per_sample_math500_Qwen3_8B_20260320_053533.csv,29,512,1024,0,512.0,-0.0375,0.004880272436307792,0.11502211687344271,0.46573073431406414
/workspace/nips-adathink/results/per_sample_math500_Qwen3_8B_20260320_053533.csv,30,512,512,0,512.0,-0.0375,0.00442500015539881,0.03171697383330956,0.13557122992638115
/workspace/nips-adathink/results/per_sample_math500_Qwen3_8B_20260320_053533.csv,31,2048,2048,1,2048.0,0.85,0.004841151417250829,0.06325771940635758,0.6850605020293545
/workspace/nips-adathink/results/per_sample_math500_Qwen3_8B_20260320_053533.csv,32,512,512,0,512.0,-0.0375,0.0056680951430232406,0.051149178748265155,0.31164725237224683
/workspace/nips-adathink/results/per_sample_math500_Qwen3_8B_20260320_053533.csv,33,2048,512,0,2048.0,-0.15,0.0056702943476706945,0.13677949044825227,0.5685458916476542
/workspace/nips-adathink/results/per_sample_math500_Qwen3_8B_20260320_053533.csv,34,2048,512,0,1893.0,-0.1386474609375,0.0062049019914030236,0.10989404909601974,0.650594357138692
/workspace/nips-adathink/results/per_sample_math500_Qwen3_8B_20260320_053533.csv,35,2048,2048,1,2048.0,0.85,0.0049202775013561595,0.11552950408382572,0.52360221204572
/workspace/nips-adathink/results/per_sample_math500_Qwen3_8B_20260320_053533.csv,36,2048,1024,1,1425.0,0.8956298828125,0.005455350663908315,0.10634599146796134,0.6440169983993809
/workspace/nips-adathink/results/per_sample_math500_Qwen3_8B_20260320_053533.csv,37,2048,2048,1,1881.0,0.8622314453125,0.003927523582833831,0.14618402389223997,0.7874133907832921
/workspace/nips-adathink/results/per_sample_math500_Qwen3_8B_20260320_053533.csv,38,512,2048,0,512.0,-0.0375,0.004185281431959918,0.09241716217967269,0.47108443254695365
/workspace/nips-adathink/results/per_sample_math500_Qwen3_8B_20260320_053533.csv,39,512,512,0,512.0,-0.0375,0.005370859393409951,0.04046372041498132,0.31285883921460356
/workspace/nips-adathink/results/per_sample_math500_Qwen3_8B_20260320_053824.csv,0,512,512,0,512.0,-0.0375,0.0067222314980352384,0.02024117528009405,0.18172994187004576
/workspace/nips-adathink/results/per_sample_math500_Qwen3_8B_20260320_053824.csv,1,2048,512,0,2048.0,-0.15,0.0027020323050669123,0.07132943823608445,0.5249294351510346
/workspace/nips-adathink/results/per_sample_math500_Qwen3_8B_20260320_053824.csv,2,2048,1024,1,1711.0,0.8746826171875,0.006834890556031015,0.03140857505479641,0.6796146647263657
/workspace/nips-adathink/results/per_sample_math500_Qwen3_8B_20260320_053824.csv,3,2048,2048,1,2048.0,0.85,0.00233172818684589,0.09028040778865475,0.8611308647558527
/workspace/nips-adathink/results/per_sample_math500_Qwen3_8B_20260320_053824.csv,4,512,512,0,512.0,-0.0375,0.002470431493648982,0.027484307937920366,0.38776791643625946
/workspace/nips-adathink/results/per_sample_math500_Qwen3_8B_20260320_053824.csv,5,2048,512,0,2048.0,-0.15,0.005085403342186798,0.043407693316303786,0.5556324901416849
/workspace/nips-adathink/results/per_sample_math500_Qwen3_8B_20260320_053824.csv,6,512,512,0,512.0,-0.0375,0.039367192069571726,0.04162003717887754,0.15604294716705294
/workspace/nips-adathink/results/per_sample_math500_Qwen3_8B_20260320_053824.csv,7,2048,2048,1,1864.0,0.8634765625,0.006553288707538587,0.17820322439833927,0.8715374653103601
/workspace/nips-adathink/results/per_sample_math500_Qwen3_8B_20260320_053824.csv,8,2048,512,0,2048.0,-0.15,0.0032474006433699638,0.14793534819009882,0.5587498016995812
/workspace/nips-adathink/results/per_sample_math500_Qwen3_8B_20260320_053824.csv,9,2048,512,0,2048.0,-0.15,0.00251693192221254,0.15536240804200233,0.7794635369232199
/workspace/nips-adathink/results/per_sample_math500_Qwen3_8B_20260320_053824.csv,10,512,512,0,512.0,-0.0375,0.0029225874721165823,0.01693739331459249,0.19579418692017186
/workspace/nips-adathink/results/per_sample_math500_Qwen3_8B_20260320_053824.csv,11,2048,512,0,2048.0,-0.15,0.004480145908894434,0.2481485764884434,0.8420011415084147
/workspace/nips-adathink/results/per_sample_math500_Qwen3_8B_20260320_053824.csv,12,2048,2048,1,2048.0,0.85,0.005499546870323745,0.1630555824194886,0.7517674833607599
/workspace/nips-adathink/results/per_sample_math500_Qwen3_8B_20260320_053824.csv,13,2048,2048,1,2048.0,0.85,0.0020198840853762165,0.03640673585918898,0.8848691852263845
/workspace/nips-adathink/results/per_sample_math500_Qwen3_8B_20260320_053824.csv,14,512,512,0,512.0,-0.0375,0.0030049987114380864,0.019232077499899688,0.2004947338407683
/workspace/nips-adathink/results/per_sample_math500_Qwen3_8B_20260320_053824.csv,15,512,512,0,512.0,-0.0375,0.005044029225827687,0.007157465172363444,0.03206316879241777
/workspace/nips-adathink/results/per_sample_math500_Qwen3_8B_20260320_053824.csv,16,512,512,0,512.0,-0.0375,0.0066703177946958025,0.009856481190179903,0.03665712451749507
/workspace/nips-adathink/results/per_sample_math500_Qwen3_8B_20260320_053824.csv,17,512,512,0,512.0,-0.0375,0.0034521275332106962,0.05122672686360364,0.37674933977851754
/workspace/nips-adathink/results/per_sample_math500_Qwen3_8B_20260320_053824.csv,18,512,512,0,512.0,-0.0375,0.01362604932354078,0.02399495170123681,0.06010657238976932
/workspace/nips-adathink/results/per_sample_math500_Qwen3_8B_20260320_053824.csv,19,2048,512,0,2048.0,-0.15,0.0033548924972060233,0.02099077411664838,0.7723099702377821
/workspace/nips-adathink/results/per_sample_math500_Qwen3_8B_20260320_053824.csv,20,512,2048,0,512.0,-0.0375,0.006422502807960201,0.06234945935357674,0.17462965739600195
/workspace/nips-adathink/results/per_sample_math500_Qwen3_8B_20260320_053824.csv,21,512,512,0,512.0,-0.0375,0.05399996272739593,0.02127852111520134,0.09896224848422182
/workspace/nips-adathink/results/per_sample_math500_Qwen3_8B_20260320_053824.csv,22,512,512,0,512.0,-0.0375,0.0073921206397896295,0.04294383226076449,0.19812032686104397
/workspace/nips-adathink/results/per_sample_math500_Qwen3_8B_20260320_053824.csv,23,512,512,0,512.0,-0.0375,0.0023344535900067663,0.10893598657520684,0.43708678790846084
/workspace/nips-adathink/results/per_sample_math500_Qwen3_8B_20260320_053824.csv,24,2048,2048,1,2048.0,0.85,0.030672647138374053,0.04756009212559858,0.629558333808947
/workspace/nips-adathink/results/per_sample_math500_Qwen3_8B_20260320_053824.csv,25,2048,2048,1,1159.0,0.9151123046875,0.0023514195004011927,0.2973353086684261,0.8753592464622375
/workspace/nips-adathink/results/per_sample_math500_Qwen3_8B_20260320_053824.csv,26,512,512,0,512.0,-0.0375,0.004559631936546399,0.035162026402558375,0.469036911371928
/workspace/nips-adathink/results/per_sample_math500_Qwen3_8B_20260320_053824.csv,27,2048,2048,1,1883.0,0.8620849609375,0.007204224235370295,0.36415713368529395,0.8033902227710591
/workspace/nips-adathink/results/per_sample_math500_Qwen3_8B_20260320_053824.csv,28,512,512,0,512.0,-0.0375,0.0027391446638864773,0.05740226806052806,0.23652231562898923
/workspace/nips-adathink/results/per_sample_math500_Qwen3_8B_20260320_053824.csv,29,1024,1024,1,1024.0,0.925,0.004890017824397252,0.5785764956483266,0.8206931428598202
/workspace/nips-adathink/results/per_sample_math500_Qwen3_8B_20260320_053824.csv,30,512,512,0,512.0,-0.0375,0.004745033669013721,0.04155946243991183,0.35536828387511815
/workspace/nips-adathink/results/per_sample_math500_Qwen3_8B_20260320_053824.csv,31,2048,512,0,2048.0,-0.15,0.00666689026753051,0.170754405660262,0.7066238723247152
/workspace/nips-adathink/results/per_sample_math500_Qwen3_8B_20260320_053824.csv,32,2048,2048,1,2048.0,0.85,0.0030066728343691373,0.09600413424039514,0.7940053832331524
/workspace/nips-adathink/results/per_sample_math500_Qwen3_8B_20260320_053824.csv,33,512,512,0,512.0,-0.0375,0.008590925781445036,0.006866745353715686,0.03974529317451923
/workspace/nips-adathink/results/per_sample_math500_Qwen3_8B_20260320_053824.csv,34,2048,2048,1,1403.0,0.8972412109375,0.006810017276452562,0.020273816341260863,0.7364026804579142
/workspace/nips-adathink/results/per_sample_math500_Qwen3_8B_20260320_053824.csv,35,2048,2048,1,1661.0,0.8783447265625,0.00306385626460311,0.10756357352213777,0.5353778793440387
/workspace/nips-adathink/results/per_sample_math500_Qwen3_8B_20260320_053824.csv,36,2048,1024,1,1885.0,0.8619384765625,0.003560404316819972,0.08810161608854794,0.9151522468843253
/workspace/nips-adathink/results/per_sample_math500_Qwen3_8B_20260320_053824.csv,37,2048,2048,1,2048.0,0.85,0.00441565756562719,0.02784594662550504,0.5923978385512054
/workspace/nips-adathink/results/per_sample_math500_Qwen3_8B_20260320_053824.csv,38,2048,1024,1,1539.0,0.8872802734375,0.0038955326274639542,0.0752187711210349,0.7652116438128611
/workspace/nips-adathink/results/per_sample_math500_Qwen3_8B_20260320_053824.csv,39,512,512,0,512.0,-0.0375,0.005887769961877246,0.020103369575256845,0.38633287736020716
/workspace/nips-adathink/results/per_sample_math500_Qwen3_8B_20260320_053951.csv,0,512,512,0,512.0,-0.0375,0.006888315694558375,0.01225508504366237,0.017079251610047013
/workspace/nips-adathink/results/per_sample_math500_Qwen3_8B_20260320_053951.csv,1,512,512,0,512.0,-0.0375,0.01100300578457725,0.052889471989312556,0.2800509596077351
/workspace/nips-adathink/results/per_sample_math500_Qwen3_8B_20260320_053951.csv,2,2048,2048,1,1775.0,0.8699951171875,0.004743902691477909,0.0644081309092932,0.5265308713368598
/workspace/nips-adathink/results/per_sample_math500_Qwen3_8B_20260320_053951.csv,3,512,512,0,512.0,-0.0375,0.004353440310863134,0.0644036535300511,0.31467563382103403
/workspace/nips-adathink/results/per_sample_math500_Qwen3_8B_20260320_053951.csv,4,2048,2048,1,2048.0,0.85,0.003483952026371495,0.09869130879652603,0.511451121839368
/workspace/nips-adathink/results/per_sample_math500_Qwen3_8B_20260320_053951.csv,5,2048,2048,1,2048.0,0.85,0.005100476539363159,0.06526080763145078,0.6599150363026755
/workspace/nips-adathink/results/per_sample_math500_Qwen3_8B_20260320_053951.csv,6,2048,2048,1,1720.0,0.8740234375,0.0034947085406683825,0.2254410441384215,0.8087694798786922
/workspace/nips-adathink/results/per_sample_math500_Qwen3_8B_20260320_053951.csv,7,2048,512,0,2048.0,-0.15,0.004244649750313688,0.03515591175431658,0.6079900199648639
/workspace/nips-adathink/results/per_sample_math500_Qwen3_8B_20260320_053951.csv,8,2048,2048,1,2048.0,0.85,0.0031202947812693756,0.0400447497446651,0.7545623893823975
/workspace/nips-adathink/results/per_sample_math500_Qwen3_8B_20260320_053951.csv,9,512,512,0,512.0,-0.0375,0.0066206603613015395,0.06477391948206852,0.17619422826278058
/workspace/nips-adathink/results/per_sample_math500_Qwen3_8B_20260320_053951.csv,10,512,512,0,512.0,-0.0375,0.006101376642363042,0.15715411121787448,0.18212716974602025
/workspace/nips-adathink/results/per_sample_math500_Qwen3_8B_20260320_053951.csv,11,512,2048,0,512.0,-0.0375,0.003732763516837434,0.04147664854005676,0.30224505255320977
/workspace/nips-adathink/results/per_sample_math500_Qwen3_8B_20260320_053951.csv,12,512,512,0,512.0,-0.0375,0.004625552153625633,0.06252374493002176,0.32221095219608725
/workspace/nips-adathink/results/per_sample_math500_Qwen3_8B_20260320_053951.csv,13,512,2048,0,512.0,-0.0375,0.0047223251929664894,0.0713045224323327,0.39623148460695884
/workspace/nips-adathink/results/per_sample_math500_Qwen3_8B_20260320_053951.csv,14,2048,2048,1,1607.0,0.8822998046875,0.007114357943001177,0.05441110491716142,0.6238337128889347
/workspace/nips-adathink/results/per_sample_math500_Qwen3_8B_20260320_053951.csv,15,1024,1024,1,1024.0,0.925,0.00620957350085511,0.4345999114707547,0.6484914761314988
/workspace/nips-adathink/results/per_sample_math500_Qwen3_8B_20260320_053951.csv,16,512,2048,0,512.0,-0.0375,0.004237862678690958,0.04530749340354518,0.10329198583920932
/workspace/nips-adathink/results/per_sample_math500_Qwen3_8B_20260320_053951.csv,17,512,512,0,512.0,-0.0375,0.005775028186811812,0.02114114793026076,0.10964791429138224
/workspace/nips-adathink/results/per_sample_math500_Qwen3_8B_20260320_053951.csv,18,2048,512,0,2048.0,-0.15,0.004189141562495227,0.09540452952217,0.5845712492699173
/workspace/nips-adathink/results/per_sample_math500_Qwen3_8B_20260320_053951.csv,19,2048,2048,1,1761.0,0.8710205078125,0.006687326483727439,0.17403219982556228,0.6643666619033766
/workspace/nips-adathink/results/per_sample_math500_Qwen3_8B_20260320_053951.csv,20,512,2048,0,512.0,-0.0375,0.0054044165333767035,0.03651826759231217,0.33842284141678314
/workspace/nips-adathink/results/per_sample_math500_Qwen3_8B_20260320_053951.csv,21,2048,2048,1,1418.0,0.896142578125,0.004197764143910586,0.07402812979854607,0.7695655058340045
/workspace/nips-adathink/results/per_sample_math500_Qwen3_8B_20260320_053951.csv,22,2048,2048,1,2048.0,0.85,0.0056756547786100545,0.10796415481874272,0.5316553015364626
/workspace/nips-adathink/results/per_sample_math500_Qwen3_8B_20260320_053951.csv,23,512,512,0,512.0,-0.0375,0.004921065305274007,0.02529049021609611,0.19151693744943749
/workspace/nips-adathink/results/per_sample_math500_Qwen3_8B_20260320_053951.csv,24,2048,2048,1,1905.0,0.8604736328125,0.004650216391317271,0.23259327349694997,0.8830855654310417
/workspace/nips-adathink/results/per_sample_math500_Qwen3_8B_20260320_053951.csv,25,512,2048,0,512.0,-0.0375,0.012317178194183155,0.058772640751893396,0.06936015827737133
/workspace/nips-adathink/results/per_sample_math500_Qwen3_8B_20260320_053951.csv,26,1024,512,0,1024.0,-0.075,0.0069428741271023164,0.18917555757055052,0.5043098951775072
/workspace/nips-adathink/results/per_sample_math500_Qwen3_8B_20260320_053951.csv,27,512,2048,0,512.0,-0.0375,0.0038930301384433076,0.15778911661752323,0.4539959598835759
/workspace/nips-adathink/results/per_sample_math500_Qwen3_8B_20260320_053951.csv,28,512,512,0,512.0,-0.0375,0.003758017653002235,0.09547530224315877,0.36855977311905774
/workspace/nips-adathink/results/per_sample_math500_Qwen3_8B_20260320_053951.csv,29,512,1024,0,512.0,-0.0375,0.005428369144526665,0.13234128235468284,0.3657576326973572
/workspace/nips-adathink/results/per_sample_math500_Qwen3_8B_20260320_053951.csv,30,512,512,0,512.0,-0.0375,0.0033165707698817643,0.023525518182488617,0.12733635901238485
/workspace/nips-adathink/results/per_sample_math500_Qwen3_8B_20260320_053951.csv,31,2048,512,0,2048.0,-0.15,0.005408235916601871,0.08160582796741807,0.8499085506298678
/workspace/nips-adathink/results/per_sample_math500_Qwen3_8B_20260320_053951.csv,32,512,512,0,512.0,-0.0375,0.004941027075392556,0.038522427539938876,0.23464373164513092
/workspace/nips-adathink/results/per_sample_math500_Qwen3_8B_20260320_053951.csv,33,2048,512,0,2048.0,-0.15,0.005128263146909162,0.15606233802167638,0.570336518985228
/workspace/nips-adathink/results/per_sample_math500_Qwen3_8B_20260320_053951.csv,34,512,2048,0,512.0,-0.0375,0.005330422801615125,0.07814036414123701,0.32065777373176646
/workspace/nips-adathink/results/per_sample_math500_Qwen3_8B_20260320_053951.csv,35,2048,512,0,2048.0,-0.15,0.0045739749026311605,0.06483603419634476,0.7763867686287953
/workspace/nips-adathink/results/per_sample_math500_Qwen3_8B_20260320_053951.csv,36,2048,2048,1,1464.0,0.8927734375,0.005623123861133715,0.24195054370476676,0.6779568618276515
/workspace/nips-adathink/results/per_sample_math500_Qwen3_8B_20260320_053951.csv,37,2048,2048,1,2048.0,0.85,0.003445142641545353,0.19848521567118188,0.8602964036874118
/workspace/nips-adathink/results/per_sample_math500_Qwen3_8B_20260320_053951.csv,38,512,1024,0,512.0,-0.0375,0.003517301970856361,0.03997746219593628,0.3962788762052049
/workspace/nips-adathink/results/per_sample_math500_Qwen3_8B_20260320_053951.csv,39,512,512,0,512.0,-0.0375,0.004986403484779901,0.03586307143762203,0.2725120039415611
/workspace/nips-adathink/results/per_sample_math500_Qwen3_8B_20260320_054123.csv,0,2048,512,0,2048.0,-0.15,0.008426455829436791,0.09315653980146245,0.7072874444859001
/workspace/nips-adathink/results/per_sample_math500_Qwen3_8B_20260320_054123.csv,1,512,512,0,512.0,-0.0375,0.005492499115655523,0.07132126099940325,0.44598893550956575
/workspace/nips-adathink/results/per_sample_math500_Qwen3_8B_20260320_054123.csv,2,512,2048,0,512.0,-0.0375,0.00464447951574514,0.038538016936173626,0.3591450308283867
/workspace/nips-adathink/results/per_sample_math500_Qwen3_8B_20260320_054123.csv,3,2048,512,0,2048.0,-0.15,0.011173218459294788,0.10367335515652447,0.5757552962181882
/workspace/nips-adathink/results/per_sample_math500_Qwen3_8B_20260320_054123.csv,4,512,512,0,512.0,-0.0375,0.006700970960128142,0.1047795084425837,0.3279055369844074
/workspace/nips-adathink/results/per_sample_math500_Qwen3_8B_20260320_054123.csv,5,512,512,0,512.0,-0.0375,0.009249818283028273,0.08367942633357524,0.3284205919536279
/workspace/nips-adathink/results/per_sample_math500_Qwen3_8B_20260320_054123.csv,6,2048,512,0,2048.0,-0.15,0.00820085856317221,0.11134104089893627,0.6371990141374589
/workspace/nips-adathink/results/per_sample_math500_Qwen3_8B_20260320_054123.csv,7,2048,2048,1,2048.0,0.85,0.004007353763028218,0.058055791307047154,0.7278826112580048
/workspace/nips-adathink/results/per_sample_math500_Qwen3_8B_20260320_054123.csv,8,2048,512,0,2048.0,-0.15,0.00549633889514076,0.16071778507252493,0.8053440249564938
/workspace/nips-adathink/results/per_sample_math500_Qwen3_8B_20260320_054123.csv,9,512,512,0,512.0,-0.0375,0.005376064775138016,0.08637643060339376,0.40242727009521473
/workspace/nips-adathink/results/per_sample_math500_Qwen3_8B_20260320_054123.csv,10,512,512,0,512.0,-0.0375,0.007075756837855491,0.09693449935090366,0.3829383821051165
/workspace/nips-adathink/results/per_sample_math500_Qwen3_8B_20260320_054123.csv,11,512,512,0,512.0,-0.0375,0.008468277271253646,0.03422768674579833,0.052981681468235474
/workspace/nips-adathink/results/per_sample_math500_Qwen3_8B_20260320_054123.csv,12,2048,512,0,2048.0,-0.15,0.004893704013426102,0.14372846174092932,0.6370076054433004
/workspace/nips-adathink/results/per_sample_math500_Qwen3_8B_20260320_054123.csv,13,512,512,0,512.0,-0.0375,0.0043321680840496205,0.039636641160689184,0.3116740306857594
/workspace/nips-adathink/results/per_sample_math500_Qwen3_8B_20260320_054123.csv,14,2048,2048,1,2048.0,0.85,0.003893761724292157,0.16244341443658425,0.8324717605763935
/workspace/nips-adathink/results/per_sample_math500_Qwen3_8B_20260320_054123.csv,15,2048,1024,1,1321.0,0.9032470703125,0.004389138364944218,0.09122535469514759,0.7155626354161436
/workspace/nips-adathink/results/per_sample_math500_Qwen3_8B_20260320_054123.csv,16,2048,2048,1,1287.0,0.9057373046875,0.004935766849471252,0.0925090947056306,0.6239700612715797
/workspace/nips-adathink/results/per_sample_math500_Qwen3_8B_20260320_054123.csv,17,512,2048,0,512.0,-0.0375,0.011148421701880752,0.04187218144256139,0.18555900204993303
/workspace/nips-adathink/results/per_sample_math500_Qwen3_8B_20260320_054123.csv,18,512,512,0,512.0,-0.0375,0.0073965652423411896,0.0397062306541036,0.11072561004200351
/workspace/nips-adathink/results/per_sample_math500_Qwen3_8B_20260320_054123.csv,19,2048,512,0,2048.0,-0.15,0.007412104795984275,0.10644706597171855,0.5872332777737078
/workspace/nips-adathink/results/per_sample_math500_Qwen3_8B_20260320_054123.csv,20,2048,512,0,2048.0,-0.15,0.006596305621378257,0.12258734000376954,0.5124376869460263
/workspace/nips-adathink/results/per_sample_math500_Qwen3_8B_20260320_054123.csv,21,512,512,0,512.0,-0.0375,0.0076161533104549504,0.06532082731099048,0.3468120567216181
/workspace/nips-adathink/results/per_sample_math500_Qwen3_8B_20260320_054123.csv,22,512,2048,0,512.0,-0.0375,0.005044469450465493,0.045241451330220304,0.48098605402203587
/workspace/nips-adathink/results/per_sample_math500_Qwen3_8B_20260320_054123.csv,23,512,512,0,512.0,-0.0375,0.006104584629341334,0.13124593760743247,0.32824476560094973
/workspace/nips-adathink/results/per_sample_math500_Qwen3_8B_20260320_054123.csv,24,512,512,0,512.0,-0.0375,0.005743786425042247,0.024956711808933815,0.1154474880931611
/workspace/nips-adathink/results/per_sample_math500_Qwen3_8B_20260320_054123.csv,25,2048,2048,1,2048.0,0.85,0.004768582600651267,0.08336508326323658,0.7472384358520731
/workspace/nips-adathink/results/per_sample_math500_Qwen3_8B_20260320_054123.csv,26,512,512,0,512.0,-0.0375,0.008609033430797892,0.05033371382995985,0.12463623304962206
/workspace/nips-adathink/results/per_sample_math500_Qwen3_8B_20260320_054123.csv,27,512,512,0,512.0,-0.0375,0.009940334989240638,0.058487966784981534,0.13302628065952443
/workspace/nips-adathink/results/per_sample_math500_Qwen3_8B_20260320_054123.csv,28,512,512,0,512.0,-0.0375,0.00597727864651026,0.07503521017452426,0.30801694642251753
/workspace/nips-adathink/results/per_sample_math500_Qwen3_8B_20260320_054123.csv,29,2048,2048,1,1854.0,0.864208984375,0.005776747146805846,0.06474968272981577,0.6657554169524105
/workspace/nips-adathink/results/per_sample_math500_Qwen3_8B_20260320_054123.csv,30,2048,512,0,2048.0,-0.15,0.0042979634458460165,0.1297563036181058,0.8514920402034876
/workspace/nips-adathink/results/per_sample_math500_Qwen3_8B_20260320_054123.csv,31,512,512,0,512.0,-0.0375,0.004923537745079102,0.03261348034006821,0.19170722765844952
/workspace/nips-adathink/results/per_sample_math500_Qwen3_8B_20260320_054123.csv,32,2048,512,0,2048.0,-0.15,0.004110239707353074,0.10544148588951198,0.5328229170246765
/workspace/nips-adathink/results/per_sample_math500_Qwen3_8B_20260320_054123.csv,33,2048,1024,1,1302.0,0.904638671875,0.0046174029756557745,0.1363721941410023,0.8795680972918039
/workspace/nips-adathink/results/per_sample_math500_Qwen3_8B_20260320_054123.csv,34,512,512,0,512.0,-0.0375,0.007315616145192748,0.049361484669585676,0.46478687707246813
/workspace/nips-adathink/results/per_sample_math500_Qwen3_8B_20260320_054123.csv,35,512,2048,0,512.0,-0.0375,0.004806937307357678,0.11948404819128933,0.4975605679430412
/workspace/nips-adathink/results/per_sample_math500_Qwen3_8B_20260320_054123.csv,36,512,512,0,512.0,-0.0375,0.004393673939523558,0.10008958227355197,0.49464669224864044
/workspace/nips-adathink/results/per_sample_math500_Qwen3_8B_20260320_054123.csv,37,512,512,0,512.0,-0.0375,0.009076435454942407,0.11255366008852907,0.37792898097977706
/workspace/nips-adathink/results/per_sample_math500_Qwen3_8B_20260320_054123.csv,38,2048,2048,1,2048.0,0.85,0.005266229098796118,0.12019577266813086,0.5959003093237083
/workspace/nips-adathink/results/per_sample_math500_Qwen3_8B_20260320_054123.csv,39,512,512,0,512.0,-0.0375,0.004952642628737305,0.07437045144174485,0.4219066617023284
/workspace/nips-adathink/results/per_sample_math500_Qwen3_8B_20260320_054253.csv,0,512,512,0,512.0,-0.0375,0.002054792672303842,0.01760682600594615,0.21706470226282093
/workspace/nips-adathink/results/per_sample_math500_Qwen3_8B_20260320_054253.csv,1,2048,1024,1,2048.0,0.85,0.002283591124201275,0.17913846218638213,0.5248234466791448
/workspace/nips-adathink/results/per_sample_math500_Qwen3_8B_20260320_054253.csv,2,512,2048,0,512.0,-0.0375,0.0025304707681188315,0.05568262413272646,0.13333274030788614
/workspace/nips-adathink/results/per_sample_math500_Qwen3_8B_20260320_054253.csv,3,512,512,0,512.0,-0.0375,0.004812598264560019,0.02479048780712644,0.02857144751310209
/workspace/nips-adathink/results/per_sample_math500_Qwen3_8B_20260320_054253.csv,4,512,512,0,512.0,-0.0375,0.0045491888185417405,0.01227622938451259,0.09650251822580123
/workspace/nips-adathink/results/per_sample_math500_Qwen3_8B_20260320_054253.csv,5,2048,2048,1,2048.0,0.85,0.0023507855728330525,0.09920398082784943,0.62408824253172
/workspace/nips-adathink/results/per_sample_math500_Qwen3_8B_20260320_054253.csv,6,512,512,0,512.0,-0.0375,0.005215679140750805,0.028007910791185447,0.10422997928299667
/workspace/nips-adathink/results/per_sample_math500_Qwen3_8B_20260320_054253.csv,7,512,512,0,512.0,-0.0375,0.0034187317318996853,0.03566029015487209,0.16455361640395297
/workspace/nips-adathink/results/per_sample_math500_Qwen3_8B_20260320_054253.csv,8,1024,512,0,1024.0,-0.075,0.0025050204168472357,0.1781269623962991,0.4046578772332676
/workspace/nips-adathink/results/per_sample_math500_Qwen3_8B_20260320_054253.csv,9,2048,512,0,2048.0,-0.15,0.0022483792931000737,0.12348673836486554,0.6731799122545806
/workspace/nips-adathink/results/per_sample_math500_Qwen3_8B_20260320_054253.csv,10,512,512,0,512.0,-0.0375,0.007634125168487708,0.009908480572245193,0.12156446785193988
/workspace/nips-adathink/results/per_sample_math500_Qwen3_8B_20260320_054253.csv,11,2048,2048,1,1354.0,0.900830078125,0.0029485778300529395,0.3395099803919149,0.8966125946537465
/workspace/nips-adathink/results/per_sample_math500_Qwen3_8B_20260320_054253.csv,12,512,2048,0,512.0,-0.0375,0.003020525294018121,0.01716138915430503,0.4136353550183557
/workspace/nips-adathink/results/per_sample_math500_Qwen3_8B_20260320_054253.csv,13,2048,2048,1,2007.0,0.8530029296875,0.0031422075125834693,0.11149909308440545,0.8728033525491685
/workspace/nips-adathink/results/per_sample_math500_Qwen3_8B_20260320_054253.csv,14,512,512,0,512.0,-0.0375,0.004451634949384359,0.011912186847968815,0.0497125056993596
/workspace/nips-adathink/results/per_sample_math500_Qwen3_8B_20260320_054253.csv,15,2048,512,0,2048.0,-0.15,0.00419503569247097,0.057460668023259165,0.45198924417840447
/workspace/nips-adathink/results/per_sample_math500_Qwen3_8B_20260320_054253.csv,16,512,512,0,512.0,-0.0375,0.0025742819614871983,0.006864892645358179,0.27598403273679667
/workspace/nips-adathink/results/per_sample_math500_Qwen3_8B_20260320_054253.csv,17,2048,2048,1,2048.0,0.85,0.0032188789359391713,0.07275252523015306,0.5071523839950478
/workspace/nips-adathink/results/per_sample_math500_Qwen3_8B_20260320_054253.csv,18,2048,2048,1,1762.0,0.870947265625,0.0021442439962887617,0.03654614741551185,0.6468487767453195
/workspace/nips-adathink/results/per_sample_math500_Qwen3_8B_20260320_054253.csv,19,2048,2048,1,1796.0,0.86845703125,0.0018706680308370228,0.1585132421894025,0.889884119039946
/workspace/nips-adathink/results/per_sample_math500_Qwen3_8B_20260320_054253.csv,20,2048,512,0,2048.0,-0.15,0.006978067990610602,0.028137876134456792,0.712686116031489
/workspace/nips-adathink/results/per_sample_math500_Qwen3_8B_20260320_054253.csv,21,512,512,0,512.0,-0.0375,0.0064847835036094936,0.014781400630380278,0.03238154837348993
/workspace/nips-adathink/results/per_sample_math500_Qwen3_8B_20260320_054253.csv,22,512,512,0,512.0,-0.0375,0.007066941339224079,0.0497388523316555,0.12466015803313332
/workspace/nips-adathink/results/per_sample_math500_Qwen3_8B_20260320_054253.csv,23,2048,512,0,2048.0,-0.15,0.0034986191266588376,0.09044623673868261,0.6159026076529759
/workspace/nips-adathink/results/per_sample_math500_Qwen3_8B_20260320_054253.csv,24,2048,1024,1,1265.0,0.9073486328125,0.0019965738504231626,0.04975133743769593,0.7603983714011069
/workspace/nips-adathink/results/per_sample_math500_Qwen3_8B_20260320_054253.csv,25,512,512,0,512.0,-0.0375,0.00281171300951102,0.010889248294520584,0.11414507712629102
/workspace/nips-adathink/results/per_sample_math500_Qwen3_8B_20260320_054253.csv,26,512,512,0,512.0,-0.0375,0.0034716446329446896,0.012077249978438651,0.10589748824558667
/workspace/nips-adathink/results/per_sample_math500_Qwen3_8B_20260320_054253.csv,27,2048,512,0,2048.0,-0.15,0.00928551393970096,0.028859232464410776,0.4725939188779963
/workspace/nips-adathink/results/per_sample_math500_Qwen3_8B_20260320_054253.csv,28,512,512,0,512.0,-0.0375,0.035464072667454424,0.001800930648504567,0.005894106133931085
/workspace/nips-adathink/results/per_sample_math500_Qwen3_8B_20260320_054253.csv,29,512,512,0,512.0,-0.0375,0.02941252079959888,0.014450385340793894,0.16963979350047118
/workspace/nips-adathink/results/per_sample_math500_Qwen3_8B_20260320_054253.csv,30,512,2048,0,512.0,-0.0375,0.0038237346334330227,0.027358475223587586,0.03256902500878231
/workspace/nips-adathink/results/per_sample_math500_Qwen3_8B_20260320_054253.csv,31,512,512,0,512.0,-0.0375,0.008236125817224405,0.009302629526569973,0.013182834091790769
/workspace/nips-adathink/results/per_sample_math500_Qwen3_8B_20260320_054253.csv,32,512,512,0,512.0,-0.0375,0.0023970605599848214,0.017061374010841575,0.35636206219371447
/workspace/nips-adathink/results/per_sample_math500_Qwen3_8B_20260320_054253.csv,33,512,512,0,512.0,-0.0375,0.002486134191073361,0.06186988827890633,0.3429208759516424
/workspace/nips-adathink/results/per_sample_math500_Qwen3_8B_20260320_054253.csv,34,512,512,0,512.0,-0.0375,0.0045178163217647616,0.026338247603888067,0.23121975893621763
/workspace/nips-adathink/results/per_sample_math500_Qwen3_8B_20260320_054253.csv,35,512,512,0,512.0,-0.0375,0.0024969678546117396,0.01918986531245149,0.3119633907862239
/workspace/nips-adathink/results/per_sample_math500_Qwen3_8B_20260320_054253.csv,36,2048,2048,1,2048.0,0.85,0.0024228581800319676,0.1507179508231996,0.6108437619577927
/workspace/nips-adathink/results/per_sample_math500_Qwen3_8B_20260320_054253.csv,37,512,512,0,512.0,-0.0375,0.006404440936325033,0.053908049936040564,0.30564411983757983
/workspace/nips-adathink/results/per_sample_math500_Qwen3_8B_20260320_054253.csv,38,512,2048,0,512.0,-0.0375,0.0015098754516645297,0.016112962149590848,0.060304479527607126
/workspace/nips-adathink/results/per_sample_math500_Qwen3_8B_20260320_054253.csv,39,512,2048,0,512.0,-0.0375,0.0024652532593242658,0.04460585560674031,0.4189212319523214
/workspace/nips-adathink/results/per_sample_math500_Qwen3_8B_20260320_054423.csv,0,2048,2048,1,1948.0,0.85732421875,0.002196904013006331,0.04648138241444154,0.5978113457619576
/workspace/nips-adathink/results/per_sample_math500_Qwen3_8B_20260320_054423.csv,1,2048,2048,1,2048.0,0.85,0.002307984988506553,0.04759635603270253,0.46273083128130954
/workspace/nips-adathink/results/per_sample_math500_Qwen3_8B_20260320_054423.csv,2,512,512,0,512.0,-0.0375,0.0035572488353640985,0.06553919003091953,0.332909007844286
/workspace/nips-adathink/results/per_sample_math500_Qwen3_8B_20260320_054423.csv,3,512,2048,0,512.0,-0.0375,0.004161502222991768,0.03329454027160063,0.3759097148065572
/workspace/nips-adathink/results/per_sample_math500_Qwen3_8B_20260320_054423.csv,4,2048,2048,1,1677.0,0.8771728515625,0.0025937166687372984,0.15374830642533344,0.5732963247928153
/workspace/nips-adathink/results/per_sample_math500_Qwen3_8B_20260320_054423.csv,5,512,2048,0,512.0,-0.0375,0.006824153635006936,0.030248693865487175,0.34583646572405446
/workspace/nips-adathink/results/per_sample_math500_Qwen3_8B_20260320_054423.csv,6,1024,512,0,1024.0,-0.075,0.0044310739184836075,0.2090888296549066,0.39961989571597645
/workspace/nips-adathink/results/per_sample_math500_Qwen3_8B_20260320_054423.csv,7,512,2048,0,512.0,-0.0375,0.00217573355048464,0.008109582793013454,0.15815549269753595
/workspace/nips-adathink/results/per_sample_math500_Qwen3_8B_20260320_054423.csv,8,2048,512,0,2048.0,-0.15,0.0051412167135181175,0.13193452313627718,0.4851664885629012
/workspace/nips-adathink/results/per_sample_math500_Qwen3_8B_20260320_054423.csv,9,2048,2048,1,1440.0,0.89453125,0.0035625200040023727,0.15103311078262988,0.5621531512411889
/workspace/nips-adathink/results/per_sample_math500_Qwen3_8B_20260320_054423.csv,10,2048,2048,1,2048.0,0.85,0.006082434141027139,0.05858371101320198,0.7971451948869709
/workspace/nips-adathink/results/per_sample_math500_Qwen3_8B_20260320_054423.csv,11,512,512,0,512.0,-0.0375,0.002306718658279182,0.024960358076751316,0.20992121943833955
/workspace/nips-adathink/results/per_sample_math500_Qwen3_8B_20260320_054423.csv,12,2048,2048,1,1298.0,0.904931640625,0.002209540260173308,0.0439893252599891,0.7040623937284156
/workspace/nips-adathink/results/per_sample_math500_Qwen3_8B_20260320_054423.csv,13,2048,2048,1,2048.0,0.85,0.006885532414138071,0.040162580108770204,0.7439266244732785
/workspace/nips-adathink/results/per_sample_math500_Qwen3_8B_20260320_054423.csv,14,2048,2048,1,2048.0,0.85,0.00283791719163443,0.059187207594006044,0.4325105278302064
/workspace/nips-adathink/results/per_sample_math500_Qwen3_8B_20260320_054423.csv,15,2048,512,0,2048.0,-0.15,0.005566434921349094,0.07599651031879127,0.5099994084057291
/workspace/nips-adathink/results/per_sample_math500_Qwen3_8B_20260320_054423.csv,16,512,512,0,512.0,-0.0375,0.0020085078493103344,0.024843667007921164,0.10592935913506027
/workspace/nips-adathink/results/per_sample_math500_Qwen3_8B_20260320_054423.csv,17,512,512,0,512.0,-0.0375,0.006995660915522538,0.021801769084521923,0.07970817871556299
/workspace/nips-adathink/results/per_sample_math500_Qwen3_8B_20260320_054423.csv,18,2048,2048,1,2048.0,0.85,0.003165430862545992,0.06942823644182589,0.440695709068331
/workspace/nips-adathink/results/per_sample_math500_Qwen3_8B_20260320_054423.csv,19,512,512,0,512.0,-0.0375,0.0046707900560498655,0.02536755613189504,0.021879206677209304
/workspace/nips-adathink/results/per_sample_math500_Qwen3_8B_20260320_054423.csv,20,2048,2048,1,1287.0,0.9057373046875,0.0019437437549029565,0.07342886702164832,0.7093197220188902
/workspace/nips-adathink/results/per_sample_math500_Qwen3_8B_20260320_054423.csv,21,512,1024,0,512.0,-0.0375,0.006871243451747467,0.07618609058392914,0.3199132170521724
/workspace/nips-adathink/results/per_sample_math500_Qwen3_8B_20260320_054423.csv,22,512,512,0,512.0,-0.0375,0.0041942841074114395,0.024624817658333197,0.22783842302092333
/workspace/nips-adathink/results/per_sample_math500_Qwen3_8B_20260320_054423.csv,23,2048,2048,1,1897.0,0.8610595703125,0.007067075105147711,0.32372851155447685,0.786393113204273
/workspace/nips-adathink/results/per_sample_math500_Qwen3_8B_20260320_054423.csv,24,512,512,0,512.0,-0.0375,0.0021643335162101476,0.011174368586245412,0.06115993910478116
/workspace/nips-adathink/results/per_sample_math500_Qwen3_8B_20260320_054423.csv,25,512,512,0,512.0,-0.0375,0.0026569071368707973,0.04168923334055606,0.21414547480286408
/workspace/nips-adathink/results/per_sample_math500_Qwen3_8B_20260320_054423.csv,26,512,512,0,512.0,-0.0375,0.005804152031216808,0.04126671897140234,0.1142869220304502
/workspace/nips-adathink/results/per_sample_math500_Qwen3_8B_20260320_054423.csv,27,512,512,0,512.0,-0.0375,0.0027532196291807786,0.12769481199593777,0.36397314038249157
/workspace/nips-adathink/results/per_sample_math500_Qwen3_8B_20260320_054423.csv,28,512,512,0,512.0,-0.0375,0.003531186206752407,0.06669463847257613,0.2472740083570927
/workspace/nips-adathink/results/per_sample_math500_Qwen3_8B_20260320_054423.csv,29,2048,2048,1,1891.0,0.8614990234375,0.00468066907879449,0.08903326416243669,0.6069995923102025
/workspace/nips-adathink/results/per_sample_math500_Qwen3_8B_20260320_054423.csv,30,512,2048,0,512.0,-0.0375,0.005818729766316725,0.07442750837603225,0.24214266168079335
/workspace/nips-adathink/results/per_sample_math500_Qwen3_8B_20260320_054423.csv,31,512,512,0,512.0,-0.0375,0.01581187515258734,0.03652142669805526,0.29250973640267
/workspace/nips-adathink/results/per_sample_math500_Qwen3_8B_20260320_054423.csv,32,512,512,0,512.0,-0.0375,0.005093392365356132,0.006205576861623985,0.03883546435091673
/workspace/nips-adathink/results/per_sample_math500_Qwen3_8B_20260320_054423.csv,33,512,2048,0,512.0,-0.0375,0.0033071222003274387,0.04389463857434159,0.13599540849244046
/workspace/nips-adathink/results/per_sample_math500_Qwen3_8B_20260320_054423.csv,34,512,512,0,512.0,-0.0375,0.009480066229916994,0.04335476613258467,0.17978215980242535
/workspace/nips-adathink/results/per_sample_math500_Qwen3_8B_20260320_054423.csv,35,2048,512,0,2048.0,-0.15,0.0042913360005946075,0.08642724104271744,0.7555327629127655
/workspace/nips-adathink/results/per_sample_math500_Qwen3_8B_20260320_054423.csv,36,512,512,0,512.0,-0.0375,0.0024743008207339765,0.015828305412757582,0.19325516441649673
/workspace/nips-adathink/results/per_sample_math500_Qwen3_8B_20260320_054423.csv,37,512,512,0,512.0,-0.0375,0.004277988061754298,0.011652745350005832,0.06886493054366434
/workspace/nips-adathink/results/per_sample_math500_Qwen3_8B_20260320_054423.csv,38,512,512,0,512.0,-0.0375,0.0056397934775633185,0.04979160236822263,0.4254537162304809
/workspace/nips-adathink/results/per_sample_math500_Qwen3_8B_20260320_054423.csv,39,512,512,0,512.0,-0.0375,0.003102158152100416,0.023935134311316317,0.2270343491990611
/workspace/nips-adathink/results/per_sample_math500_Qwen3_8B_20260320_054553.csv,0,2048,2048,1,2030.0,0.851318359375,0.0067802645775586765,0.24169438353815836,0.810446891187806
/workspace/nips-adathink/results/per_sample_math500_Qwen3_8B_20260320_054553.csv,1,512,2048,0,512.0,-0.0375,0.009825975013726075,0.09375639586423412,0.4270648887451905
/workspace/nips-adathink/results/per_sample_math500_Qwen3_8B_20260320_054553.csv,2,2048,2048,1,1329.0,0.9026611328125,0.007151938751823337,0.10532052832697134,0.5653049490229309
/workspace/nips-adathink/results/per_sample_math500_Qwen3_8B_20260320_054553.csv,3,512,2048,0,512.0,-0.0375,0.01147952664321252,0.03691684540695598,0.26167611193965873
/workspace/nips-adathink/results/per_sample_math500_Qwen3_8B_20260320_054553.csv,4,2048,2048,1,2048.0,0.85,0.006925990615580678,0.11933753592713982,0.5702296442131689
/workspace/nips-adathink/results/per_sample_math500_Qwen3_8B_20260320_054553.csv,5,512,512,0,512.0,-0.0375,0.019082442412954172,0.04681919643869595,0.12057589234058445
/workspace/nips-adathink/results/per_sample_math500_Qwen3_8B_20260320_054553.csv,6,2048,1024,1,2048.0,0.85,0.004744542347582925,0.023213166067981277,0.6379616771171859
/workspace/nips-adathink/results/per_sample_math500_Qwen3_8B_20260320_054553.csv,7,512,512,0,512.0,-0.0375,0.004524165990661572,0.03298594310233104,0.28277576750859273
/workspace/nips-adathink/results/per_sample_math500_Qwen3_8B_20260320_054553.csv,8,512,512,0,512.0,-0.0375,0.004424461982372601,0.037740195940893374,0.22466467933422782
/workspace/nips-adathink/results/per_sample_math500_Qwen3_8B_20260320_054553.csv,9,2048,1024,1,1960.0,0.8564453125,0.007981577964265223,0.23545827326106133,0.5766499071618262
/workspace/nips-adathink/results/per_sample_math500_Qwen3_8B_20260320_054553.csv,10,512,2048,0,512.0,-0.0375,0.009712254536658015,0.03946765134413474,0.35966775241096627
/workspace/nips-adathink/results/per_sample_math500_Qwen3_8B_20260320_054553.csv,11,512,512,0,512.0,-0.0375,0.006140647505929553,0.02886648466503952,0.28453414004324645
/workspace/nips-adathink/results/per_sample_math500_Qwen3_8B_20260320_054553.csv,12,512,1024,0,512.0,-0.0375,0.004015367983681077,0.12013306460077496,0.4454615744777584
/workspace/nips-adathink/results/per_sample_math500_Qwen3_8B_20260320_054553.csv,13,2048,512,0,2048.0,-0.15,0.00551023584458147,0.08211196509087021,0.5304262836284507
/workspace/nips-adathink/results/per_sample_math500_Qwen3_8B_20260320_054553.csv,14,2048,2048,1,2048.0,0.85,0.004311954156023237,0.11744986121262371,0.6752637654346062
/workspace/nips-adathink/results/per_sample_math500_Qwen3_8B_20260320_054553.csv,15,512,512,0,512.0,-0.0375,0.004436283487612071,0.025042766168612677,0.1793297553336831
/workspace/nips-adathink/results/per_sample_math500_Qwen3_8B_20260320_054553.csv,16,2048,2048,1,2048.0,0.85,0.0055429146869634,0.03568385540700662,0.5099378379144374
/workspace/nips-adathink/results/per_sample_math500_Qwen3_8B_20260320_054553.csv,17,512,512,0,512.0,-0.0375,0.0071055941615846725,0.025632679792317453,0.23127980816362476
/workspace/nips-adathink/results/per_sample_math500_Qwen3_8B_20260320_054553.csv,18,2048,512,0,2048.0,-0.15,0.004789853015871147,0.04554870113949573,0.5189525053468618
/workspace/nips-adathink/results/per_sample_math500_Qwen3_8B_20260320_054553.csv,19,2048,512,0,2048.0,-0.15,0.0038226259512076383,0.025869162817302276,0.5336763188132481
/workspace/nips-adathink/results/per_sample_math500_Qwen3_8B_20260320_054553.csv,20,512,512,0,512.0,-0.0375,0.004953282865569239,0.03905174230369014,0.2684000733324295
/workspace/nips-adathink/results/per_sample_math500_Qwen3_8B_20260320_054553.csv,21,2048,512,0,2048.0,-0.15,0.0076498133747660004,0.09490508965976022,0.5264543149378317
/workspace/nips-adathink/results/per_sample_math500_Qwen3_8B_20260320_054553.csv,22,2048,512,0,2048.0,-0.15,0.005683979928483788,0.05904952288671543,0.5379254553199061
/workspace/nips-adathink/results/per_sample_math500_Qwen3_8B_20260320_054553.csv,23,2048,2048,1,1415.0,0.8963623046875,0.003960702103556086,0.12237051210774869,0.6697953088658387
/workspace/nips-adathink/results/per_sample_math500_Qwen3_8B_20260320_054553.csv,24,512,512,0,512.0,-0.0375,0.005667539888701255,0.03587319801855034,0.14551063968677702
/workspace/nips-adathink/results/per_sample_math500_Qwen3_8B_20260320_054553.csv,25,512,512,0,512.0,-0.0375,0.004722169542139345,0.023954695062925076,0.17231908858232564
/workspace/nips-adathink/results/per_sample_math500_Qwen3_8B_20260320_054553.csv,26,512,512,0,512.0,-0.0375,0.00961103238339248,0.03822112234010164,0.2861109006226291
/workspace/nips-adathink/results/per_sample_math500_Qwen3_8B_20260320_054553.csv,27,512,512,0,512.0,-0.0375,0.006475672440489583,0.05000653408033569,0.15865755011052468
/workspace/nips-adathink/results/per_sample_math500_Qwen3_8B_20260320_054553.csv,28,512,2048,0,512.0,-0.0375,0.005386792335788784,0.027124383593410777,0.4873534979478258
/workspace/nips-adathink/results/per_sample_math500_Qwen3_8B_20260320_054553.csv,29,512,512,0,512.0,-0.0375,0.004535316429786886,0.041120601619585105,0.25363024954802493
/workspace/nips-adathink/results/per_sample_math500_Qwen3_8B_20260320_054553.csv,30,512,512,0,512.0,-0.0375,0.005325713299595201,0.058415197807208094,0.41739413074205994
/workspace/nips-adathink/results/per_sample_math500_Qwen3_8B_20260320_054553.csv,31,512,512,0,512.0,-0.0375,0.006297911148033232,0.01276034015347707,0.11874696251226441
/workspace/nips-adathink/results/per_sample_math500_Qwen3_8B_20260320_054553.csv,32,2048,1024,1,1500.0,0.89013671875,0.003228052377734566,0.1455317365373531,0.6252342949154374
/workspace/nips-adathink/results/per_sample_math500_Qwen3_8B_20260320_054553.csv,33,512,2048,0,512.0,-0.0375,0.005308668132046857,0.039013819588048164,0.3643841548533528
/workspace/nips-adathink/results/per_sample_math500_Qwen3_8B_20260320_054553.csv,34,2048,2048,1,2048.0,0.85,0.005705731751839446,0.03601936594408112,0.5465933200489752
/workspace/nips-adathink/results/per_sample_math500_Qwen3_8B_20260320_054553.csv,35,2048,2048,1,1598.0,0.882958984375,0.003114720080407224,0.08683001385136033,0.8922809428364277
/workspace/nips-adathink/results/per_sample_math500_Qwen3_8B_20260320_054553.csv,36,512,512,0,512.0,-0.0375,0.006567659324001884,0.020858707517304557,0.10707921475220078
/workspace/nips-adathink/results/per_sample_math500_Qwen3_8B_20260320_054553.csv,37,512,512,0,512.0,-0.0375,0.003989714989218216,0.01731032810278858,0.24040547433641307
/workspace/nips-adathink/results/per_sample_math500_Qwen3_8B_20260320_054553.csv,38,512,512,0,512.0,-0.0375,0.007669543149243688,0.04710422950163654,0.2311103301069556
/workspace/nips-adathink/results/per_sample_math500_Qwen3_8B_20260320_054553.csv,39,512,512,0,512.0,-0.0375,0.005124698194372702,0.0442436623721958,0.39684842540311194
/workspace/nips-adathink/results/per_sample_math500_Qwen3_8B_20260320_054727.csv,0,512,512,0,512.0,-0.0375,0.006015527098791587,0.10321143798481151,0.4426657344915364
/workspace/nips-adathink/results/per_sample_math500_Qwen3_8B_20260320_054727.csv,1,512,512,0,512.0,-0.0375,0.014679894655955268,0.0869228142130891,0.16458195277770493
/workspace/nips-adathink/results/per_sample_math500_Qwen3_8B_20260320_054727.csv,2,512,512,0,512.0,-0.0375,0.008231155247445644,0.047436345197537484,0.12397353444492269
/workspace/nips-adathink/results/per_sample_math500_Qwen3_8B_20260320_054727.csv,3,512,512,0,512.0,-0.0375,0.007912168808855117,0.1370780514274571,0.4343675385576304
/workspace/nips-adathink/results/per_sample_math500_Qwen3_8B_20260320_054727.csv,4,512,512,0,512.0,-0.0375,0.0072891264594600255,0.08050136776544721,0.35686862968416266
/workspace/nips-adathink/results/per_sample_math500_Qwen3_8B_20260320_054727.csv,5,2048,2048,1,1707.0,0.8749755859375,0.004799575664725563,0.10875953547822316,0.6285356008685841
/workspace/nips-adathink/results/per_sample_math500_Qwen3_8B_20260320_054727.csv,6,512,512,0,512.0,-0.0375,0.01019748028952769,0.060053565575944705,0.21731929461433233
/workspace/nips-adathink/results/per_sample_math500_Qwen3_8B_20260320_054727.csv,7,512,512,0,512.0,-0.0375,0.005284264217658601,0.052554048033275506,0.19985026940542117
/workspace/nips-adathink/results/per_sample_math500_Qwen3_8B_20260320_054727.csv,8,512,512,0,512.0,-0.0375,0.010897925201503584,0.06443922702754182,0.1044979515843531
/workspace/nips-adathink/results/per_sample_math500_Qwen3_8B_20260320_054727.csv,9,512,512,0,512.0,-0.0375,0.005725121921029174,0.049600847245052065,0.20207974821157937
/workspace/nips-adathink/results/per_sample_math500_Qwen3_8B_20260320_054727.csv,10,2048,2048,1,2048.0,0.85,0.00832879060077787,0.09995059337465659,0.5319450057229849
/workspace/nips-adathink/results/per_sample_math500_Qwen3_8B_20260320_054727.csv,11,512,512,0,512.0,-0.0375,0.007306320928996889,0.08492182004993769,0.47885693721902883
/workspace/nips-adathink/results/per_sample_math500_Qwen3_8B_20260320_054727.csv,12,512,512,0,512.0,-0.0375,0.005658242293621569,0.05404325471129061,0.20497737157591464
/workspace/nips-adathink/results/per_sample_math500_Qwen3_8B_20260320_054727.csv,13,2048,1024,1,2048.0,0.85,0.008694886800914728,0.16612049705576623,0.5213081919391072
/workspace/nips-adathink/results/per_sample_math500_Qwen3_8B_20260320_054727.csv,14,512,512,0,512.0,-0.0375,0.0061157211938160415,0.057007708786077034,0.3074239565067776
/workspace/nips-adathink/results/per_sample_math500_Qwen3_8B_20260320_054727.csv,15,512,512,0,512.0,-0.0375,0.005302931594784713,0.06948841904812943,0.2921117559323886
/workspace/nips-adathink/results/per_sample_math500_Qwen3_8B_20260320_054727.csv,16,512,512,0,512.0,-0.0375,0.006317309354308874,0.05427334473375664,0.21757540428638925
/workspace/nips-adathink/results/per_sample_math500_Qwen3_8B_20260320_054727.csv,17,512,512,0,512.0,-0.0375,0.007848016124086275,0.11017265229786194,0.48170792000639845
/workspace/nips-adathink/results/per_sample_math500_Qwen3_8B_20260320_054727.csv,18,512,2048,0,512.0,-0.0375,0.005289794426847494,0.06159534263349999,0.4956652755855955
/workspace/nips-adathink/results/per_sample_math500_Qwen3_8B_20260320_054727.csv,19,512,512,0,512.0,-0.0375,0.010413929927048928,0.12005431078504243,0.36574364344848836
/workspace/nips-adathink/results/per_sample_math500_Qwen3_8B_20260320_054727.csv,20,2048,2048,1,2048.0,0.85,0.004395564216769611,0.12041116650737967,0.6692527740154219
/workspace/nips-adathink/results/per_sample_math500_Qwen3_8B_20260320_054727.csv,21,512,512,0,512.0,-0.0375,0.00525347124949327,0.05633359012429135,0.20778862398452758
/workspace/nips-adathink/results/per_sample_math500_Qwen3_8B_20260320_054727.csv,22,512,512,0,512.0,-0.0375,0.0054602891166566515,0.10053741995386832,0.33713287821648175
/workspace/nips-adathink/results/per_sample_math500_Qwen3_8B_20260320_054727.csv,23,512,512,0,512.0,-0.0375,0.0066517056878719494,0.0890074011563514,0.3338838420987524
/workspace/nips-adathink/results/per_sample_math500_Qwen3_8B_20260320_054727.csv,24,512,512,0,512.0,-0.0375,0.005787375479805939,0.06106282084243458,0.26446474386481045
/workspace/nips-adathink/results/per_sample_math500_Qwen3_8B_20260320_054727.csv,25,512,512,0,512.0,-0.0375,0.00485543571230236,0.06408945658401656,0.3509910298583087
/workspace/nips-adathink/results/per_sample_math500_Qwen3_8B_20260320_054727.csv,26,512,512,0,512.0,-0.0375,0.005592568034023714,0.09851150664434259,0.4289585797387336
/workspace/nips-adathink/results/per_sample_math500_Qwen3_8B_20260320_054727.csv,27,2048,2048,1,1397.0,0.8976806640625,0.005156456499919084,0.08315249868993277,0.5923478584264722
/workspace/nips-adathink/results/per_sample_math500_Qwen3_8B_20260320_054727.csv,28,2048,2048,1,1525.0,0.8883056640625,0.005729948025456726,0.11869865641678622,0.5141474117754903
/workspace/nips-adathink/results/per_sample_math500_Qwen3_8B_20260320_054727.csv,29,512,512,0,512.0,-0.0375,0.01136710632268738,0.055534247306209907,0.17405489184800027
/workspace/nips-adathink/results/per_sample_math500_Qwen3_8B_20260320_054727.csv,30,512,2048,0,512.0,-0.0375,0.005581193426690688,0.060269249475155176,0.2965286241706455
/workspace/nips-adathink/results/per_sample_math500_Qwen3_8B_20260320_054727.csv,31,2048,1024,1,1502.0,0.889990234375,0.004487749065760931,0.12710888149981092,0.570826393067929
/workspace/nips-adathink/results/per_sample_math500_Qwen3_8B_20260320_054727.csv,32,512,512,0,512.0,-0.0375,0.0047367407879471135,0.05885843515912605,0.3250778048090595
/workspace/nips-adathink/results/per_sample_math500_Qwen3_8B_20260320_054727.csv,33,512,512,0,512.0,-0.0375,0.009197255088798772,0.060717365727546546,0.1144792654457719
/workspace/nips-adathink/results/per_sample_math500_Qwen3_8B_20260320_054727.csv,34,2048,2048,1,2048.0,0.85,0.005714720028677683,0.08123040823186968,0.5630875185556874
/workspace/nips-adathink/results/per_sample_math500_Qwen3_8B_20260320_054727.csv,35,2048,2048,1,2048.0,0.85,0.005659818964519323,0.11553072145201182,0.5601265418010811
/workspace/nips-adathink/results/per_sample_math500_Qwen3_8B_20260320_054727.csv,36,2048,2048,1,2048.0,0.85,0.007627992140990026,0.1692214824398146,0.5331657347266657
/workspace/nips-adathink/results/per_sample_math500_Qwen3_8B_20260320_054727.csv,37,512,2048,0,512.0,-0.0375,0.005440384894854421,0.05844022237432878,0.4578926859894499
/workspace/nips-adathink/results/per_sample_math500_Qwen3_8B_20260320_054727.csv,38,2048,2048,1,1004.0,0.92646484375,0.005521369528680493,0.20038662785248207,0.7423853991670637
/workspace/nips-adathink/results/per_sample_math500_Qwen3_8B_20260320_054727.csv,39,512,512,0,512.0,-0.0375,0.0053449149338309744,0.06886391047099875,0.37741682384188374
