best_correct,best_latency_s,best_pred,best_stopped_early,best_tokens,fixed_128_correct,fixed_128_latency_s,fixed_128_pred,fixed_128_tokens,fixed_256_correct,fixed_256_latency_s,fixed_256_pred,fixed_256_tokens,fixed_64_correct,fixed_64_latency_s,fixed_64_pred,fixed_64_tokens,gold,idx
1,5.545125209988328,7500,0,220,0,3.2143710370000917,1,128,1,5.5321144799818285,7500,220,0,1.6099230230029207,2,64,7500,0
0,0.25098180401255377,600,1,10,0,0.22277031201520003,600,9,0,0.22347589797573164,600,9,0,0.2240593480237294,600,9,675,1
1,0.21880872698966414,12,1,9,1,0.1924549940158613,12,8,1,0.1925531540182419,12,8,1,0.1925181909755338,12,8,12,2
1,5.011805557005573,12,1,206,1,3.1089580169937108,12,128,1,5.03344545600703,12,207,0,1.5507264429761562,2,64,12,3
0,0.2311586169525981,25,1,9,0,0.20299715499277227,25,8,0,0.20427394198486581,25,8,0,0.20301455198205076,25,8,105,4
0,0.22532658599084243,62,1,9,0,0.19909041398204863,62,8,0,0.19898564400500618,62,8,0,0.1981572109798435,62,8,74,5
0,0.2667612920049578,52.00,1,11,0,0.23974181499215774,52.00,10,0,0.2398190720123239,52.00,10,0,0.2395388339937199,52.00,10,520,6
1,0.19756314199185,4,1,8,1,0.17144656501477584,4,7,1,0.17098046399769373,4,7,1,0.17060955899069086,4,7,4,7
0,0.21103087300434709,5,1,8,0,0.18088791900663637,5,7,0,0.18146634101867676,5,7,0,0.1800041430105921,5,7,2,8
0,0.22655504703288898,60,1,9,0,0.19938684400403872,60,8,0,0.19915631201001815,60,8,0,0.19913038300001062,60,8,91,9
1,3.1881174799927976,5,1,134,1,3.0451946159882937,5,128,1,3.196453668002505,5,134,0,1.5309155610157177,45,64,5,10
1,0.2462200970039703,220,1,10,1,0.2194730399933178,220,9,1,0.22028126299846917,220,9,1,0.21918034699046984,220,9,220,11
1,0.20792749701649882,3,1,8,1,0.1775951680028811,3,7,1,0.17840355899534188,3,7,1,0.177946123003494,3,7,3,12
0,0.2506070460076444,224,1,10,0,0.2245767880231142,224,9,0,0.22394678700948134,224,9,0,0.2233566269860603,224,9,160,13
1,0.21616572001948953,10,1,9,1,0.18992348099709488,10,8,1,0.1903477479936555,10,8,1,0.19047306998982094,10,8,10,14
1,2.586786110972753,40,1,106,1,2.554118563013617,40,105,1,2.548645964008756,40,105,0,1.5478858920105267,8,64,40,15
1,6.155053469992708,350,0,241,0,3.2664415260078385,15,128,1,6.09908821299905,350,241,0,1.6365249379887246,15,64,350,16
0,0.25045896600931883,130,1,10,0,0.22326649600290693,130,9,0,0.22390510098193772,130,9,0,0.22346061302232556,130,9,100,17
0,0.2868416699930094,42000,1,12,0,0.2607004559831694,42000,11,0,0.2608177640067879,42000,11,0,0.2606911819893867,42000,11,57500,18
0,0.27129392902133986,2400,1,11,0,0.24369699900853448,2400,10,0,0.24390977300936356,2400,10,0,0.2450587560015265,2400,10,2600,19
0,0.23243871200247668,36,1,9,0,0.20470802500494756,36,8,0,0.20456638702307828,36,8,0,0.20472846701159142,36,8,16,20
0,0.20657543803099543,6,1,8,0,0.1800723499909509,6,7,0,0.1773426069994457,6,7,0,0.17733040000894107,6,7,20,21
1,6.062037343974225,50,0,256,0,3.0268965710129123,24,128,1,6.048007306002546,50,256,0,1.5086446289788,"24,",64,50,22
0,0.27029140599188395,6.25,1,11,0,0.24594972099293955,6.25,10,0,0.2432655679876916,6.25,10,0,0.2434874869941268,6.25,10,4,23
1,4.997832242981531,175,0,199,0,3.2094669280049857,3,128,1,4.436679405014729,175,177,0,1.5987747169856448,8,64,175,24
0,0.20709517897921614,6,1,8,0,0.17749201401602477,6,7,0,0.1782527829927858,6,7,0,0.1784280729771126,6,7,12,25
1,0.24692285698256455,300,1,10,1,0.21771398099372163,300,9,1,0.2181451070064213,300,9,1,0.2181904090102762,300,9,300,26
1,0.19763302500359714,7,1,8,1,0.17089637799654156,7,7,1,0.17133349500363693,7,7,1,0.17033988001639955,7,7,7,27
0,0.3036866929905955,12.80,1,12,0,0.2763030990026891,12.80,11,0,0.2766103069880046,12.80,11,0,0.2762855149921961,12.80,11,7,28
1,0.250810564000858,120,1,10,1,0.22366262497962452,120,9,1,0.22446903301170096,120,9,1,0.22422801700304262,120,9,120,29
1,0.21669811801984906,90,1,9,1,0.19057659999816678,90,8,1,0.19079849601257592,90,8,1,0.19038585998350754,90,8,90,30
0,0.22464771402883343,63,1,9,0,0.19722190700122155,63,8,0,0.19696570601081476,63,8,0,0.1956785549991764,63,8,68,31
0,0.23333775799255818,10,1,9,0,0.2037318760121707,10,8,0,0.20384070099680685,10,8,0,0.2047335240058601,10,8,5,32
1,6.330449689994566,25,0,256,0,3.1620438199897762,8,128,1,6.326315694022924,25,256,0,1.5792670549999457,8,64,25,33
1,5.315907109994441,120000,0,222,0,3.030736568995053,3,128,1,5.268512421986088,120000,221,0,1.5126317169924732,3,64,120000,34
0,0.24690925297909416,132,1,10,0,0.2201088739966508,132,9,0,0.22119473599013872,132,9,0,0.22120643701055087,132,9,240,35
1,0.23173876700457186,50,1,9,1,0.20388492700294591,50,8,1,0.20325627800775692,50,8,1,0.20350478900945745,50,8,50,36
1,0.22615916802897118,10,1,9,1,0.1979637649783399,10,8,1,0.19860823699855246,10,8,1,0.19868051999947056,10,8,10,37
1,0.24216621299274266,150,1,10,1,0.21548987500136718,150,9,1,0.21556208402034827,150,9,1,0.21633868000935763,150,9,150,38
1,0.19942080401233397,6,1,8,1,0.17275993601651862,6,7,1,0.17226279800524935,6,7,1,0.17174524799338542,6,7,6,39
1,4.574295408005128,54,0,181,0,3.222521261021029,85,128,1,4.566391384025337,54,181,0,1.608743554999819,2,64,54,40
0,0.22587218703120016,25,1,9,0,0.19851668699993752,25,8,0,0.19929518198478036,25,8,0,0.19912307302001864,25,8,26,41
1,0.21790891900309362,15,1,9,1,0.19218550398363732,15,8,1,0.19232084800023586,15,8,1,0.19195003499044105,15,8,15,42
0,0.274030942004174,2000,1,11,0,0.24511134100612253,2000,10,0,0.2456299809855409,2000,10,0,0.24590234700008295,2000,10,"2,125",43
1,0.23601600699475966,34,1,9,1,0.20552812700043432,34,8,1,0.20638543198583648,34,8,1,0.20544971799245104,34,8,34,44
0,0.22507885401137173,55,1,9,0,0.19878023699857295,55,8,0,0.19764595601009205,55,8,0,0.19803660301840864,55,8,40,45
0,0.21796477198950015,24,1,9,0,0.19232544500846416,24,8,0,0.19162177201360464,24,8,0,0.19183097101631574,24,8,160,46
1,0.2230873449880164,70,1,9,1,0.19654811199870892,70,8,1,0.1960453750216402,70,8,1,0.1958619350043591,70,8,70,47
1,0.23150833300314844,16,1,9,1,0.2036802190123126,16,8,1,0.2033123360015452,16,8,1,0.20285921799950302,16,8,16,48
1,0.2256337379803881,36,1,9,1,0.19830308799282648,36,8,1,0.19815711499541067,36,8,1,0.19929241598583758,36,8,36,49
0,0.24217350798426196,135,1,10,0,0.21637273399392143,135,9,0,0.21667033800622448,135,9,0,0.21547162099159323,135,9,81,50
0,0.2227736650092993,40,1,9,0,0.19602859701262787,40,8,0,0.19614147901302204,40,8,0,0.19585894898045808,40,8,60,51
0,0.20486380803049542,5,1,8,0,0.1765465379867237,5,7,0,0.17650379301630892,5,7,0,0.1773694129951764,5,7,15,52
0,0.22451317904051393,15,1,9,0,0.19866712999646552,15,8,0,0.19795440300367773,15,8,0,0.1978431140014436,15,8,20,53
0,0.2181551899702754,10,1,9,0,0.19210533500881866,10,8,0,0.19167392698000185,10,8,0,0.19215091501246206,10,8,6,54
1,0.22538190896739252,80,1,9,1,0.19640752198756672,80,8,1,0.1979732790205162,80,8,1,0.1972281039925292,80,8,80,55
0,0.23118157300632447,10,1,9,0,0.2037481979932636,10,8,0,0.20327718000044115,10,8,0,0.20250673501868732,10,8,6,56
0,0.2262876410386525,95,1,9,0,0.1985713210015092,95,8,0,0.19899563799845055,95,8,0,0.19864364102249965,95,8,85,57
1,3.8797338849981315,28,0,161,0,3.065184084000066,16,128,1,3.85857179199229,28,161,0,1.5313299789850134,"85,",64,28,58
0,0.2468667340290267,336,1,10,0,0.22003986200434156,336,9,0,0.22034872299991548,336,9,0,0.22105975900194608,336,9,560,59
0,0.23544504900928587,72,1,9,0,0.2052066879987251,72,8,0,0.20540361900930293,72,8,0,0.2061043870053254,72,8,88,60
0,0.22594126098556444,32,1,9,0,0.19853625498944893,32,8,0,0.19937201900756918,32,8,0,0.19968316500307992,32,8,36,61
0,0.2255011429951992,17,1,9,0,0.19790675898548216,17,8,0,0.19670198200037703,17,8,0,0.19761679600924253,17,8,25,62
0,0.20152206599595957,2,1,8,0,0.17302780199679546,2,7,0,0.17326225899159908,2,7,0,0.17243774299276993,2,7,5,63
1,0.23073589798877947,8.0,1,9,1,0.2023685410094913,8.0,8,1,0.20344984901021235,8.0,8,1,0.2019026009947993,8.0,8,8,64
1,0.2013183039962314,4,1,8,1,0.17425618300330825,4,7,1,0.17426499602152035,4,7,1,0.17367435700725764,4,7,4,65
0,0.24344047703198157,216,1,10,0,0.21713872297550552,216,9,0,0.21724392400938086,216,9,0,0.2164740599982906,216,9,168,66
0,0.19827212803647853,4,1,8,0,0.17354672300280072,4,7,0,0.17269723597564735,4,7,0,0.17246496299048886,4,7,26,67
1,0.2588181479659397,440,1,10,1,0.23014229099499062,440,9,1,0.23027984000509605,440,9,1,0.23161664901999757,440,9,440,68
1,0.2750606590125244,3000,1,11,1,0.2476039769826457,3000,10,1,0.2478708520065993,3000,10,1,0.24876012100139633,3000,10,3000,69
1,0.2515641579811927,150,1,10,1,0.22124675300437957,150,9,1,0.2203270909958519,150,9,1,0.2210716060071718,150,9,150,70
0,0.19956283600185998,0,1,8,0,0.17161424300866202,0,7,0,0.17193745699478313,0,7,0,0.1714703650213778,0,7,220,71
0,0.22937072100467049,11,1,9,0,0.20198677401640452,11,8,0,0.2014387090166565,11,8,0,0.20081882600788958,11,8,9,72
1,0.2506035359983798,350,1,10,1,0.2229325670050457,350,9,1,0.22343469099723734,350,9,1,0.22412456502206624,350,9,350,73
1,4.368378613027744,15,0,182,0,3.061634668993065,4,128,1,4.359138458996313,15,182,0,1.5272238460020162,20,64,15,74
1,0.2477204580209218,300,1,10,1,0.22092751701711677,300,9,1,0.22158775400021113,300,9,1,0.22084022397757508,300,9,300,75
1,0.25496222599758767,270,1,10,1,0.2278429620200768,270,9,1,0.22727011700044386,270,9,1,0.22794242500094697,270,9,270,76
1,2.456175244995393,11,1,99,1,2.422031224006787,11,98,1,2.422320805984782,11,98,0,1.5784568760136608,44,64,11,77
0,0.2188720359990839,10,1,9,0,0.19428630301263183,10,8,0,0.19275410802219994,10,8,0,0.1941333709983155,10,8,5,78
0,0.2500597409962211,120,1,10,0,0.22142762600560673,120,9,0,0.22144957998534665,120,9,0,0.2215631240105722,120,9,135,79
1,6.231837177998386,4,0,246,0,3.2207825790101197,3,128,1,6.192312698985916,4,246,0,1.616760485980194,3,64,4,80
0,0.22508597097476013,64,1,9,0,0.19787701099994592,64,8,0,0.19791332600289024,64,8,0,0.19881038399762474,64,8,48,81
0,0.24295780598185956,600,1,10,0,0.21694943399052136,600,9,0,0.2164740099979099,600,9,0,0.2172419999842532,600,9,700,82
0,0.49180914799217135,56.6666666667,1,20,0,0.46462137301568873,56.6666666667,19,0,0.4666764930007048,56.6666666667,19,0,0.464292011980433,56.6666666667,19,50,83
0,0.2045898080104962,4,1,8,0,0.17751276399940252,4,7,0,0.17798090699943714,4,7,0,0.17669308499898762,4,7,2,84
0,0.2304580100462772,15,1,9,0,0.20198806599364616,15,8,0,0.20155899197561666,15,8,0,0.202064112003427,15,8,4,85
1,2.5952160400047433,34,1,108,1,2.55336223897757,34,107,1,2.554352684994228,34,107,0,1.524862613005098,6,64,34,86
0,0.2969847329950426,14400,1,12,0,0.27093719100230373,14400,11,0,0.2702191669959575,14400,11,0,0.2692856850044336,14400,11,5760,87
1,0.2540875089762267,120,1,10,1,0.2268497700279113,120,9,1,0.22609159399871714,120,9,1,0.22603179499856196,120,9,120,88
0,0.2243796219700016,80,1,9,0,0.19807902499451302,80,8,0,0.1980345659831073,80,8,0,0.19763420699746348,80,8,120,89
0,0.1948610440012999,6,1,8,0,0.16925703300512396,6,7,0,0.1686904689995572,6,7,0,0.16888129999279045,6,7,5,90
1,0.2478281760122627,280,1,10,1,0.22106571498443373,280,9,1,0.22120783099671826,280,9,1,0.22066313098184764,280,9,280,91
0,0.2831938429735601,5.57,1,11,0,0.2506627670081798,5.57,10,0,0.25271209998754784,5.57,10,0,0.25076361300307326,5.57,10,6,92
0,0.22509137299493887,25,1,9,0,0.19861335601308383,25,8,0,0.19831494201207533,25,8,0,0.19827517101657577,25,8,24,93
0,0.21844206200330518,15,1,9,0,0.19153287101653405,15,8,0,0.19247301400173455,15,8,0,0.19304931198712438,15,8,55,94
1,0.20028864601044916,2,1,8,1,0.17165469098836184,2,7,1,0.17199030201300047,2,7,1,0.1724171249952633,2,7,2,95
0,0.2319838279800024,30,1,9,0,0.20272292700246908,30,8,0,0.20355030699283816,30,8,0,0.20434970798669383,30,8,60,96
1,0.25094280199846253,112,1,10,1,0.22299355300492607,112,9,1,0.225915036018705,112,9,1,0.2231148800055962,112,9,112,97
1,0.21816915398812853,14,1,9,1,0.1918531770061236,14,8,1,0.19281208899337798,14,8,1,0.19155268001486547,14,8,14,98
0,0.24806351901497692,370,1,10,0,0.22129350699833594,370,9,0,0.22175677298218943,370,9,0,0.22200832900125533,370,9,490,99
0,0.28597259099478833,13.5,1,11,0,0.254786066012457,13.5,10,0,0.26107261498691514,13.5,10,0,0.2539116539992392,13.5,10,13,100
0,0.22701936698285863,14,1,9,0,0.19840607600053772,14,8,0,0.19809662399347872,14,8,0,0.1990662740136031,14,8,4,101
0,0.648216958012199,170,1,27,0,0.6202879430202302,170,26,0,0.6210734740016051,170,26,0,0.620515663002152,170,26,160,102
1,0.22531848997459747,18,1,9,1,0.1986717480176594,18,8,1,0.19736435302183963,18,8,1,0.19745507297920994,18,8,18,103
1,4.651723203016445,38,0,185,0,3.2244900680088904,2,128,1,4.658656720013823,38,185,0,1.6093878169776872,60,64,38,104
0,0.2535661259898916,317,1,10,0,0.22397630798514,317,9,0,0.22374006500467658,317,9,0,0.2240946690144483,317,9,251,105
1,0.20454534399323165,4,1,8,1,0.1715174080163706,4,7,1,0.17674173100385815,4,7,1,0.1922951739979908,4,7,4,106
0,0.20010394798009656,8,1,8,0,0.17302405400550924,8,7,0,0.172835486009717,8,7,0,0.17303270800039172,8,7,20,107
0,0.23475061400677077,13,1,9,0,0.2050065909861587,13,8,0,0.20533195801544935,13,8,0,0.20486891298787668,13,8,33,108
1,3.4758138899633195,120,1,140,1,3.1640023599902634,120,128,1,3.4596748200128786,120,140,0,1.5816203499853145,1,64,120,109
0,0.22433061499032192,6,1,8,0,0.17521120500168763,6,7,0,0.17522801097948104,6,7,0,0.17540181701770052,6,7,12,110
1,0.22400791899417527,78,1,9,1,0.19761066601495259,78,8,1,0.19667638099053875,78,8,1,0.19739126198692247,78,8,78,111
1,0.22983302897773683,14,1,9,1,0.20095568799297325,14,8,1,0.20200829100213014,14,8,1,0.2015702349890489,14,8,14,112
0,0.25064505499904044,400,1,10,0,0.2235613510129042,400,9,0,0.22477517198421992,400,9,0,0.224368482013233,400,9,4000,113
0,0.2982400610053446,4.60,1,11,0,0.25041353300912306,4.60,10,0,0.250868556991918,4.60,10,0,0.25056415400467813,4.60,10,4,114
1,0.22395004800637253,50,1,9,1,0.19667730000219308,50,8,1,0.19667346397181973,50,8,1,0.19704640298732556,50,8,50,115
1,0.22909846701077186,40,1,9,1,0.2019932380062528,40,8,1,0.20166963202063926,40,8,1,0.202696749009192,40,8,40,116
0,0.22629593501915224,20,1,9,0,0.19931659000576474,20,8,0,0.1989661160041578,20,8,0,0.1989307329931762,20,8,8,117
0,0.24271528801182285,960,1,10,0,0.2238975600048434,960,9,0,0.2471689459925983,960,9,0,0.22453194798436016,960,9,720,118
0,0.22336899899528362,240,1,9,0,0.19680406100815162,240,8,0,0.1973114650172647,240,8,0,0.19589640799677,240,8,34,119
1,1.3062806550005917,1490,1,52,1,1.2773975510208402,1490,51,1,1.2786620389961172,1490,51,1,1.2767834719852544,1490,51,1490,120
1,5.167336774989963,2,0,207,0,3.165518638998037,8,128,1,5.126112224010285,2,207,0,1.5844371499842964,16,64,2,121
0,0.26671574197825976,1680,1,11,0,0.24061291202087887,1680,10,0,0.2404395880002994,1680,10,0,0.24090679999790154,1680,10,2640,122
0,0.22277318802662194,38,1,9,0,0.19553523501963355,38,8,0,0.19583773499471135,38,8,0,0.19555107099586166,38,8,34,123
0,0.23229728700243868,12,1,9,0,0.20279844201286323,12,8,0,0.2030529580079019,12,8,0,0.20728637999854982,12,8,11,124
0,0.25186806096462533,12.5,1,10,0,0.22463561498443596,12.5,9,0,0.22523681100574322,12.5,9,0,0.2255459720036015,12.5,9,8,125
0,0.21909536598832346,28,1,9,0,0.19284439101465978,28,8,0,0.19264603799092583,28,8,0,0.19297898700460792,28,8,30,126
0,0.22238439301145263,89,1,9,0,0.1958710259932559,89,8,0,0.19620090699754655,89,8,0,0.1960947070037946,89,8,104,127
1,0.25435588500113226,288,1,10,1,0.22693879299913533,288,9,1,0.22673251599189825,288,9,1,0.22818773501785472,288,9,288,128
0,0.252036114980001,150,1,10,0,0.22712276299716905,150,9,0,0.2247304969932884,150,9,0,0.22433651599567384,150,9,120,129
1,0.2436427930078935,140,1,10,1,0.21647968800971285,140,9,1,0.2169435449759476,140,9,1,0.21653329199762084,140,9,140,130
1,0.22202917898539454,10,1,9,1,0.19618584398995154,10,8,1,0.19580479300930165,10,8,1,0.19549752501188777,10,8,10,131
1,3.872217324009398,298,0,150,0,3.206589807989076,6,128,1,3.7779686079884414,298,150,0,1.599809509003535,12,64,298,132
0,0.2518386809970252,132,1,10,0,0.2262692899967078,132,9,0,0.22522932500578463,132,9,0,0.22454146700329147,132,9,110,133
0,0.21983609098242596,12,1,9,0,0.19379021899658255,12,8,0,0.1931086789991241,12,8,0,0.19336750599904917,12,8,11,134
1,0.22291869498440064,10,1,9,1,0.19645058500464074,10,8,1,0.1965520500089042,10,8,1,0.19613486400339752,10,8,10,135
1,2.7151771670323797,1,1,107,1,2.7299327259825077,1,106,1,2.6745332129939925,1,106,0,1.6590257519856095,11,64,1,136
1,0.22697197800152935,10,1,9,1,0.2007455750135705,10,8,1,0.19997061401954852,10,8,1,0.19992060802178457,10,8,10,137
1,0.2437928360013757,375,1,10,1,0.2176329329959117,375,9,1,0.21771577798062935,375,9,1,0.2179784199979622,375,9,375,138
0,0.27144262500223704,1200,1,11,0,0.24411890201736242,1200,10,0,0.24475412000901997,1200,10,0,0.24451975300326012,1200,10,2400,139
0,0.2311584549897816,36,1,9,0,0.2025178240146488,36,8,0,0.20339048199821264,36,8,0,0.20384946401463822,36,8,42,140
0,0.22703733399976045,14,1,9,0,0.20062993600731716,14,8,0,0.20014459700905718,14,8,0,0.20042109000496566,14,8,24,141
1,0.2165603149915114,25,1,9,1,0.19068030701600946,25,8,1,0.19106090598506853,25,8,1,0.19422599000972696,25,8,25,142
0,0.29913170996587723,33660,1,12,0,0.27139580200309865,33660,11,0,0.2704204150068108,33660,11,0,0.27086409099865705,33660,11,"65,960",143
0,1.3569810919871088,650,1,54,0,1.3571137379913125,650,53,0,1.3313289110083133,650,53,0,1.3424584409804083,650,53,276,144
1,4.957021706999512,374,0,198,0,3.191049621993443,22,128,1,4.909231272002216,374,198,0,1.5972949510032777,1,64,374,145
1,0.21738772501703352,24,1,9,1,0.19123369798762724,24,8,1,0.19110266800271347,24,8,1,0.1913205699820537,24,8,24,146
0,0.32847078202757984,105000,1,13,0,0.2970813339925371,105000,12,0,0.29769230299280025,105000,12,0,0.2973755129787605,105000,12,131250,147
0,0.25423015901469626,110,1,10,0,0.22843710600864142,110,9,0,0.22773694901843555,110,9,0,0.2265438920003362,110,9,60,148
1,0.28196218702942133,9.00,1,11,1,0.2516336510016117,9.00,10,1,0.252452116983477,9.00,10,1,0.25551550698583014,9.00,10,9,149
0,0.26329416999942623,1010,1,11,0,0.23713312300969847,1010,10,0,0.23800928800483234,1010,10,0,0.2369326780026313,1010,10,310,150
0,0.22457749099703506,10,1,9,0,0.19642435599234886,10,8,0,0.1960537589911837,10,8,0,0.19654321699636057,10,8,4,151
1,2.577400350011885,2,1,98,1,2.4426041830156464,2,97,1,2.470319740998093,2,97,0,1.600022719008848,"10,000,",64,2,152
0,0.25209388800431043,314,1,10,0,0.22454285400453955,314,9,0,0.2241413290030323,314,9,0,0.2255684569827281,314,9,296,153
0,0.2211249439860694,24,1,9,0,0.19418389999191277,24,8,0,0.19445088601787575,24,8,0,0.19219674199121073,24,8,2,154
1,0.1988382020208519,4,1,8,1,0.17370468901935965,4,7,1,0.17420936800772324,4,7,1,0.17366430797846988,4,7,4,155
0,0.2578701679885853,80.8,1,10,0,0.23342363999108784,80.8,9,0,0.2339321640029084,80.8,9,0,0.23261847399407998,80.8,9,80,156
1,5.779927698982647,20,0,231,0,3.157592661998933,2,128,1,5.713858071016148,20,231,0,1.5805363190011121,1,64,20,157
0,0.19662035998771898,6,1,8,0,0.16976279200753197,6,7,0,0.17007727100281045,6,7,0,0.1697976859868504,6,7,5,158
1,0.30172841501189396,2,1,12,1,0.274527803005185,2,11,1,0.27233311798772775,2,11,1,0.27309241498005576,2,11,2,159
0,0.8876867859798949,50,1,35,0,0.8728756089985836,50,34,0,0.8619396740105003,50,34,0,0.8552147450100165,50,34,1375,160
1,0.22793201502645388,16,1,9,1,0.20120484998915344,16,8,1,0.20096235899836756,16,8,1,0.20207475699135102,16,8,16,161
0,0.2439632939931471,620,1,10,0,0.21752874099183828,620,9,0,0.2171928680036217,620,9,0,0.2169490689993836,620,9,62,162
1,0.22329942698706873,32,1,9,1,0.19730111601529643,32,8,1,0.19673026498639956,32,8,1,0.19757247899542563,32,8,32,163
0,0.28002734697656706,2.50,1,11,0,0.2512252669839654,2.50,10,0,0.2513121470110491,2.50,10,0,0.25211464197491296,2.50,10,1,164
0,0.9659691440174356,3,1,39,0,0.9470438059943262,3,38,0,0.9462517199863214,3,38,0,0.9466810529993381,3,38,157,165
1,3.1324113510199822,31,0,131,0,3.0622158409969416,3,128,1,3.1482585429912433,31,131,0,1.5229383099940605,27,64,31,166
1,0.27153075599926524,1430,1,11,1,0.2450278970063664,1430,10,1,0.24544465201324783,1430,10,1,0.24512624699855223,1430,10,1430,167
1,0.22969906401704066,60,1,9,1,0.20253472699550912,60,8,1,0.20199117800802924,60,8,1,0.20248102600453421,60,8,60,168
1,0.22566049097804353,12,1,9,1,0.1994209120166488,12,8,1,0.20018804099527188,12,8,1,0.19934883201494813,12,8,12,169
1,5.849394799006404,3,0,244,0,3.0436033080040943,4,128,1,5.814466912008356,3,244,0,1.5206422559858765,4,64,3,170
1,3.164715326973237,16,1,129,1,3.126590172003489,16,128,1,3.1508165470149834,16,129,0,1.559027954004705,43,64,16,171
1,3.173879237991059,64,1,126,1,3.120076223014621,64,125,1,3.131767650018446,64,125,0,1.5922321059915703,16,64,64,172
0,0.2552761359838769,378,1,10,0,0.22810402500908822,378,9,0,0.2261224849789869,378,9,0,0.22404333698796108,378,9,294,173
0,0.2250447480182629,11,1,9,0,0.19550938901375048,11,8,0,0.19568101901677437,11,8,0,0.19556751800701022,11,8,17,174
1,0.1997979320003651,6,1,8,1,0.17184591601835564,6,7,1,0.1721145249903202,6,7,1,0.1730705920199398,6,7,6,175
0,0.3050275220302865,31.25,1,12,0,0.2784778740024194,31.25,11,0,0.2764438049925957,31.25,11,0,0.2777361549960915,31.25,11,35,176
0,0.20762954602832906,4,1,8,0,0.1784840360051021,4,7,0,0.17824771700543351,4,7,0,0.17945639800745994,4,7,7,177
0,6.139534546004143,"4,125",0,256,0,3.0671812029904686,"7,875",128,0,6.149997472006362,"4,125",256,0,1.5411369819776155,"4,500",64,6000,178
1,1.84072149801068,80,1,75,1,1.8070010759984143,80,74,1,1.8241107979847584,80,74,0,1.5583524520043284,8,64,80,179
0,0.20500471300329082,2,1,8,0,0.1769946030108258,2,7,0,0.1775562159891706,2,7,0,0.17670827600522898,2,7,4,180
1,0.22779840498697013,28,1,9,1,0.19982573299785145,28,8,1,0.200220853992505,28,8,1,0.20023387399851345,28,8,28,181
0,0.22904071400989778,51,1,9,0,0.19694869700470008,51,8,0,0.1977449799887836,51,8,0,0.19748666600207798,51,8,29,182
0,0.302044941985514,10.00,1,12,0,0.2736933710111771,10.00,11,0,0.27316747000440955,10.00,11,0,0.2744399289949797,10.00,11,9,183
1,0.2889648609852884,110,1,10,1,0.22703323501627892,110,9,1,0.2270939859736245,110,9,1,0.22839762299554422,110,9,110,184
1,0.2767180310038384,1800,1,11,1,0.24842560102115385,1800,10,1,0.24902582599315792,1800,10,1,0.2490594080009032,1800,10,1800,185
1,2.670081171003403,20,1,110,1,2.5703700610029045,20,109,1,2.7700212670024484,20,109,0,1.5059532480081543,120,64,20,186
0,6.24282599700382,4,0,256,0,3.1358311740041245,30,128,0,6.276244812004734,4,256,0,1.5661682289792225,1.4,64,95200,187
0,0.23031972601893358,39,1,9,0,0.2028364790021442,39,8,0,0.22530712297884747,39,8,0,0.20403071798500605,39,8,45,188
0,0.2761912339774426,8.33,1,11,0,0.2496785879775416,8.33,10,0,0.2497418329876382,8.33,10,0,0.2501001110067591,8.33,10,15,189
0,1.0265597509860527,68,1,43,0,1.0001106609997805,68,42,0,0.9996759390051011,68,42,0,1.0064127600053325,68,42,694,190
0,0.2274956420296803,24,1,9,0,0.19947299899649806,24,8,0,0.19852788801654242,24,8,0,0.1989532660227269,24,8,48,191
1,0.22875390900298953,22,1,9,1,0.21922748198267072,22,8,1,0.20359709500917234,22,8,1,0.2039548300090246,22,8,22,192
0,0.25917556599597447,2.50,1,10,0,0.22936706701875664,2.50,9,0,0.22878657199908048,2.50,9,0,0.2309780519863125,2.50,9,5,193
0,0.19381563700153492,4,1,8,0,0.1677591039915569,4,7,0,0.16776009599561803,4,7,0,0.16763677902054042,4,7,6,194
1,0.22194329998455942,13,1,9,1,0.1954653589928057,13,8,1,0.19602857698919252,13,8,1,0.1948378730157856,13,8,13,195
1,2.599476349016186,32,1,103,1,2.701207551988773,32,102,1,2.5631047129863873,32,102,0,1.708565364999231,40,64,32,196
1,0.230237240990391,90,1,9,1,0.20168737100902945,90,8,1,0.20235071101342328,90,8,1,0.20163977800984867,90,8,90,197
0,0.2514583800220862,300,1,10,0,0.2199124879844021,300,9,0,0.219943794014398,300,9,0,0.21991905799950473,300,9,360,198
0,0.24739912000950426,120,1,10,0,0.22039962402777746,120,9,0,0.21968799000023864,120,9,0,0.2191479769826401,120,9,3,199
0,0.2296765339851845,65,1,9,0,0.2022554020222742,65,8,0,0.202993195009185,65,8,0,0.20251061202725396,65,8,147,200
0,0.2499565329926554,57.5,1,10,0,0.22849976201541722,57.5,9,0,0.22234750800998881,57.5,9,0,0.23606622198713012,57.5,9,70,201
0,0.21769409399712458,-12,1,9,0,0.19185380497947335,-12,8,0,0.19189655999070965,-12,8,0,0.19211204900057055,-12,8,21,202
1,0.222511090018088,27,1,9,1,0.1956902270030696,27,8,1,0.19548256002599373,27,8,1,0.19627950599533506,27,8,27,203
1,0.20483635098207742,8,1,8,1,0.1801287030102685,8,7,1,0.1783549910178408,8,7,1,0.17757306099520065,8,7,8,204
0,0.25191705697216094,230,1,10,0,0.22523455301416107,230,9,0,0.22430797200649977,230,9,0,0.22354800600442104,230,9,250,205
0,0.24142219600616954,125,1,10,0,0.2153164230112452,125,9,0,0.2147545779880602,125,9,0,0.21561422699596733,125,9,60,206
0,0.271897197002545,1350,1,11,0,0.243368481984362,1350,10,0,0.24416631800704636,1350,10,0,0.2428733390115667,1350,10,1170,207
0,0.22805280599277467,37,1,9,0,0.20197918900521472,37,8,0,0.2007203719986137,37,8,0,0.20402105900575407,37,8,40,208
0,0.22491424402687699,60,1,9,0,0.1976271989988163,60,8,0,0.1979678369825706,60,8,0,0.19967216599616222,60,8,72,209
0,0.24113489899900742,290,1,10,0,0.21534994200919755,290,9,0,0.21432569200987928,290,9,0,0.21483206300763413,290,9,480,210
0,0.22752858200692572,89,1,9,0,0.1986633430060465,89,8,0,0.19969531599781476,89,8,0,0.19977106302394532,89,8,41,211
0,0.22928397002397105,25,1,9,0,0.20092554300208576,25,8,0,0.20496228101546876,25,8,0,0.20081329200183973,25,8,75,212
0,0.2746789220254868,1872,1,11,0,0.24772864300757647,1872,10,0,0.2485189860162791,1872,10,0,0.2470091080176644,1872,10,2304,213
0,0.7138672599976417,40,1,30,0,0.6879092879826203,40,29,0,0.6877348280104343,40,29,0,0.6881891099910717,40,29,8,214
1,3.1498806049930863,80,1,129,1,3.122119052015478,80,128,1,3.1491025149880443,80,129,0,1.5542420159908943,0,64,80,215
0,0.25380701501853764,660,1,10,0,0.22594962100265548,660,9,0,0.22660735301906243,660,9,0,0.2266870749881491,660,9,621,216
0,0.2253660059941467,18,1,9,0,0.1982007700135,18,8,0,0.1997492569789756,18,8,0,0.19846208798117004,18,8,15,217
0,0.24848147100419737,100,1,10,0,0.21931273001246154,100,9,0,0.2192022219824139,100,9,0,0.21956761900219135,100,9,20,218
1,0.19928525600698777,7,1,8,1,0.17270192998694256,7,7,1,0.1729703480086755,7,7,1,0.17285423298017122,7,7,7,219
0,0.22879174802801572,10,1,9,0,0.20157257397659123,10,8,0,0.20195802100352012,10,8,0,0.20124032901367173,10,8,7,220
1,0.22462134101078846,42,1,9,1,0.2096639040100854,42,8,1,0.1984005319827702,42,8,1,0.20220465899910778,42,8,42,221
1,2.1014441389997955,9,1,88,1,2.06633290098398,9,87,1,2.0678610379982274,9,87,0,1.5186414589989,459,64,9,222
1,0.22360926700639538,24,1,9,1,0.1961471039976459,24,8,1,0.19682510700658895,24,8,1,0.19612109501031227,24,8,24,223
0,0.28332938300445676,1200,1,11,0,0.2556732450029813,1200,10,0,0.2551778299966827,1200,10,0,0.25542246300028637,1200,10,80,224
0,0.25457107901456766,140,1,10,0,0.222564005991444,140,9,0,0.22389621500042267,140,9,0,0.22368556499714032,140,9,260,225
0,0.21741493101581,16,1,9,0,0.19124271898181178,16,8,0,0.19171406602254137,16,8,0,0.19105886897887103,16,8,23,226
0,0.294582800968783,10500,1,12,0,0.2679195459932089,10500,11,0,0.26708656598930247,10500,11,0,0.2678520129993558,10500,11,"10,800",227
0,0.25401906299521215,227,1,10,0,0.2259778089937754,227,9,0,0.22597677700105123,227,9,0,0.2263256580044981,227,9,221,228
1,0.21500780899077654,5,1,8,1,0.18490356500842609,5,7,1,0.18491668501519598,5,7,1,0.17674627600354142,5,7,5,229
0,0.28831197402905673,12000,1,12,0,0.2628353119944222,12000,11,0,0.26231411600019783,12000,11,0,0.26241059601306915,12000,11,"14,000",230
0,0.22211210199748166,56,1,9,0,0.19535413099220023,56,8,0,0.1953358839964494,56,8,0,0.1947423189994879,56,8,50,231
1,0.2289304329897277,32,1,9,1,0.201233593019424,32,8,1,0.2016363260045182,32,8,1,0.2023366830253508,32,8,32,232
0,0.24341407799511217,30,1,9,0,0.21202211000490934,30,8,0,0.2121653990179766,30,8,0,0.21288914102478884,30,8,40,233
1,0.21751559001859277,12,1,9,1,0.19181745100650005,12,8,1,0.19139391399221495,12,8,1,0.19083392299944535,12,8,12,234
0,0.24799350698594935,140,1,10,0,0.21976426499895751,140,9,0,0.2189636240073014,140,9,0,0.21938843198586255,140,9,160,235
1,3.659290928975679,10,0,144,0,3.227589201007504,12,128,1,4.16791724099312,10,165,0,1.6114844949916005,12,64,10,236
1,0.21506715699797496,8,1,8,1,0.18594209299772047,8,7,1,0.1854076890158467,8,7,1,0.18681022699456662,8,7,8,237
1,3.001085654977942,109,1,126,1,2.9740456430008635,109,125,1,2.974135969998315,109,125,0,1.5174970889929682,18,64,109,238
0,0.22193545001209714,26,1,9,0,0.19713653301005252,26,8,0,0.196386049996363,26,8,0,0.1962186039891094,26,8,38,239
1,0.25539721897803247,160,1,10,1,0.22651611900073476,160,9,1,0.22670524698332883,160,9,1,0.22734966001007706,160,9,160,240
0,0.23240863598766737,24,1,9,0,0.20304142401437275,24,8,0,0.20240396200097166,24,8,0,0.2156217810115777,24,8,14,241
1,0.19401716100401245,5,1,8,1,0.16864452700247057,5,7,1,0.16845047200331464,5,7,1,0.16793961499934085,5,7,5,242
1,0.19855999000719748,5,1,8,1,0.17227773301419802,5,7,1,0.17152565700234845,5,7,1,0.1711783880018629,5,7,5,243
1,0.20379309498821385,5,1,8,1,0.17633899801876396,5,7,1,0.17673267700592987,5,7,1,0.17654163698898628,5,7,5,244
0,0.279409520997433,1150,1,11,0,0.2511637179995887,1150,10,0,0.2502651480026543,1150,10,0,0.25009895698167384,1150,10,370,245
1,0.1936926750058774,5,1,8,1,0.1680591760086827,5,7,1,0.16850410201004706,5,7,1,0.1675127140188124,5,7,5,246
1,0.22257785400142893,32,1,9,1,0.1951824830030091,32,8,1,0.1954527030175086,32,8,1,0.19593018299201503,32,8,32,247
0,0.23358737301896326,28,1,9,0,0.20550329898833297,28,8,0,0.2053376259864308,28,8,0,0.20352636801544577,28,8,56,248
1,0.22588190701208077,25,1,9,1,0.19855374199687503,25,8,1,0.1991165699728299,25,8,1,0.19908024699543603,25,8,25,249
1,0.22518821997800842,10,1,9,1,0.19595902599394321,10,8,1,0.19580743499682285,10,8,1,0.19593354701646604,10,8,10,250
0,0.2214935600059107,24,1,9,0,0.19515414797933772,24,8,0,0.1949104749946855,24,8,0,0.19622525098384358,24,8,36,251
1,2.165947580971988,50,1,86,1,2.1383786800142843,50,85,1,2.1327868649968877,50,85,0,1.6138039240031503,250,64,50,252
0,0.23121767400880344,7.6,1,9,0,0.2034276069898624,7.6,8,0,0.2036452770116739,7.6,8,0,0.20223311797599308,7.6,8,8,253
1,0.21867048399872147,30,1,9,1,0.19215951801743358,30,8,1,0.19292358099482954,30,8,1,0.19185526500223204,30,8,30,254
1,0.2224426349857822,70,1,9,1,0.19695879600476474,70,8,1,0.19642133699380793,70,8,1,0.196626039018156,70,8,70,255
0,0.23169926996342838,15,1,9,0,0.20482161399559118,15,8,0,0.20425460100523196,15,8,0,0.2038161740056239,15,8,10,256
1,0.23356124199926853,17,1,9,1,0.20444605700322427,17,8,1,0.20335708701168187,17,8,1,0.2068079049931839,17,8,17,257
0,0.21766538100200705,16,1,9,0,0.19167147198459134,16,8,0,0.19137618300737813,16,8,0,0.19125599999097176,16,8,13,258
0,0.22219120000954717,12,1,9,0,0.19615658099064603,12,8,0,0.1958916689909529,12,8,0,0.1976692359894514,12,8,10,259
0,0.25962953799171373,365,1,10,0,0.2300110989890527,365,9,0,0.2302453050215263,365,9,0,0.23186495099798776,365,9,452,260
0,0.2576242289796937,240,1,10,0,0.23039505901397206,240,9,0,0.23062900398508646,240,9,0,0.23085148399695754,240,9,320,261
0,0.21858925602282397,35,1,9,0,0.19183685298776254,35,8,0,0.19193278899183497,35,8,0,0.1914780079969205,35,8,27,262
0,0.2515411479980685,360,1,10,0,0.22210986498976126,360,9,0,0.22425738599849865,360,9,0,0.22196666602394544,360,9,500,263
1,3.9640620989666786,17,0,157,0,3.2233865830057766,8,128,1,3.9458290559996385,17,157,0,1.6126877779897768,6,64,17,264
0,0.2340188349771779,15,1,9,0,0.20783459499944001,15,8,0,0.20720719001838006,15,8,0,0.22811022598762065,15,8,25,265
0,0.2170517619815655,15,1,9,0,0.19151216698810458,15,8,0,0.19181838299846277,15,8,0,0.19107778600300662,15,8,20,266
0,0.24589428200852126,1.5,1,10,0,0.21958462399197742,1.5,9,0,0.21971190901240334,1.5,9,0,0.21928954499890096,1.5,9,5,267
1,4.918525265995413,48,0,194,0,3.2217856839997694,27,128,1,4.88160926499404,48,194,0,1.6133541610033717,1/3,64,48,268
1,0.20743470298475586,2,1,8,1,0.18090286300866865,2,7,1,0.18024655399494804,2,7,1,0.1813166330102831,2,7,2,269
1,0.21708012401359156,24,1,9,1,0.19176062499172986,24,8,1,0.19098586501786485,24,8,1,0.1914104919997044,24,8,24,270
0,0.2296752680267673,30,1,9,0,0.199867349001579,30,8,0,0.20012240900541656,30,8,0,0.20027576200664043,30,8,75,271
0,0.23116055398713797,10,1,9,0,0.20324947198969312,10,8,0,0.20583807199727744,10,8,0,0.20314418198540807,10,8,12,272
0,0.23292821101495065,21,1,9,0,0.20420897801523097,21,8,0,0.20483030399191193,21,8,0,0.20456411899067461,21,8,189,273
0,0.21713840201846324,11,1,9,0,0.19032541799242608,11,8,0,0.190808733983431,11,8,0,0.1913990320172161,11,8,10,274
0,0.24606071101152338,550,1,10,0,0.2194637659995351,550,9,0,0.218933038006071,550,9,0,0.21929121398716234,550,9,650,275
0,0.2303389309963677,15,1,9,0,0.20212112300214358,15,8,0,0.20179705900955014,15,8,0,0.20334268201258965,15,8,21,276
0,0.25738275502226315,166,1,10,0,0.2288184570206795,166,9,0,0.23024531101691537,166,9,0,0.2280805229966063,166,9,142,277
0,0.26433038999675773,1250,1,11,0,0.23933489399496466,1250,10,0,0.23795852798502892,1250,10,0,0.23826882100547664,1250,10,3000,278
0,0.30064061799203046,-10.00,1,12,0,0.27087413502158597,-10.00,11,0,0.2720385580032598,-10.00,11,0,0.27631202098564245,-10.00,11,20,279
1,0.25426015999983065,360,1,10,1,0.22671346098650247,360,9,1,0.22719147999305278,360,9,1,0.2273103199840989,360,9,360,280
1,0.26032576500438154,576,1,10,1,0.23157473499304615,576,9,1,0.2312785829999484,576,9,1,0.23220601701177657,576,9,576,281
1,0.217387898999732,20,1,9,1,0.19115014100680128,20,8,1,0.19162101700203493,20,8,1,0.19182615002500825,20,8,20,282
0,0.2269519300025422,56,1,9,0,0.19824556197272614,56,8,0,0.19809927997994237,56,8,0,0.19983823000802658,56,8,104,283
0,0.2551399270014372,62.4,1,10,0,0.2266604489996098,62.4,9,0,0.22642145497957245,62.4,9,0,0.22736662501120009,62.4,9,312,284
0,0.25931242902879603,106,1,10,0,0.23259321300429292,106,9,0,0.23142992198700085,106,9,0,0.23122435898403637,106,9,92,285
1,2.725679412978934,58,1,114,1,2.6891546300030313,58,113,1,2.689686545985751,58,113,0,1.5192165170155931,98,64,58,286
0,0.22186835299362428,70,1,9,0,0.19464356201933697,70,8,0,0.19546366200665943,70,8,0,0.19470535800792277,70,8,80,287
0,0.25425814199843444,155,1,10,0,0.22709584000403993,155,9,0,0.22691572600160725,155,9,0,0.22758167001302354,155,9,15,288
0,0.2845453769841697,4300,1,11,0,0.255897503986489,4300,10,0,0.25684201199328527,4300,10,0,0.25536668600398116,4300,10,5600,289
0,0.21778156701475382,10,1,9,0,0.19193677199655212,10,8,0,0.19111965500633232,10,8,0,0.1911487710021902,10,8,8,290
1,0.2220359860220924,15,1,9,1,0.1961790109926369,15,8,1,0.19546323898248374,15,8,1,0.19551082400721498,15,8,15,291
1,3.4653247989772353,160,1,137,1,3.21521132698399,160,128,1,3.433391386002768,160,137,0,1.610402215999784,200,64,160,292
1,6.284416586975567,180,0,246,0,3.2346567980130203,2,128,1,6.3337996269983705,180,249,0,1.6311508629878517,3,64,180,293
0,0.2183824309904594,60,1,9,0,0.19195805198978633,60,8,0,0.19160000700503588,60,8,0,0.19216937400051393,60,8,80,294
1,4.460425269033294,13,0,182,0,3.134915542003,3,128,1,4.421598231972894,13,182,0,1.5549888820096385,1,64,13,295
0,0.253702031011926,110,1,10,0,0.22630745702190325,110,9,0,0.22617557700141333,110,9,0,0.22583355600363575,110,9,70,296
0,0.22629802901064977,90,1,9,0,0.2013263429980725,90,8,0,0.19862229301361367,90,8,0,0.2038254090002738,90,8,95,297
0,0.2885264150099829,90000,1,12,0,0.262712196999928,90000,11,0,0.26342316999216564,90000,11,0,0.2622265570098534,90000,11,93000,298
0,0.2478225099912379,480,1,10,0,0.2226017359935213,480,9,0,0.22184418299002573,480,9,0,0.22064508599578403,480,9,1920,299
